time_step,text_hash,source_label,ate,ate_ci_lower,ate_ci_upper,ci_width,refuted_count,identifiable,concept_count,edge_count,adj_density,max_delta_nll,concept_coverage,condition_number,unk_rate,ccm_coverage_pct,ccm_verdict,edm_rho_high,edm_rho_mid,havok_status,havok_linear_pct,causallearn_consensus,edge_stability_mean,permutation_p_value,total_ms,z_pca_1,z_pca_2,z_pca_3,secular_entropy,z_福音,z_吉祥,z_奥美,z_存在,z_自孕,z_弥赛亚,z_Alice,z_觉爱,dz_福音,dz_吉祥,dz_奥美,dz_存在,dz_自孕,dz_弥赛亚,dz_Alice,dz_觉爱,d2z_福音,d2z_吉祥,d2z_奥美,d2z_存在,d2z_自孕,d2z_弥赛亚,d2z_Alice,d2z_觉爱,_method,_orthogonality_report
2026-07-12 03:10,97c21308,手动输入,-0.5041412230894077,-0.5562647616752012,-0.45201768450361407,0.10424707717158715,0,1,12,12,0.3889,8.0,0.7778,1479164.02,0.0,0.0,N/A,0,0,unavailable,-1.0,0,0.0,1.0,2486,0.08809116163668299,0.01358719558263521,0.046483251464067385,0.8118555468226755,-0.6996106328773852,-0.7201850359486721,-0.7064970694805847,-0.6939284701156502,-0.6920240491592973,-0.6793635350088583,-0.7008275200721167,-0.7146024248353497,,,,,,,,,,,,,,,,,,
2026-07-12 08:57,c32f1b5f,手动输入,0.43568702927274217,0.3738405426059598,0.49753351593952455,0.12369297333356477,0,1,12,12,0.3958,8.0,0.875,17996913.76,0.0,0.0,N/A,0,0,unavailable,-1.0,0,0.0,1.0,3702,0.13484816567717017,0.041861723076547744,0.09468668720644431,0.9131726763639456,-0.6946225681589755,-0.7139387083437868,-0.7023791715812743,-0.6884222665590263,-0.6885174714587805,-0.6740653507425561,-0.6983377806739621,-0.7119817602323879,0.004988064718409735,0.0062463276048853045,0.004117897899310385,0.005506203556623901,0.0035065777005167664,0.005298184266302131,0.0024897393981545557,0.002620664602961842,,,,,,,,,,
2026-07-12 14:45,3fa94212,手动输入,2.8809933939104724,2.52322859403557,3.2387581937853747,0.7155295997498046,0,1,12,12,0.4167,8.0,0.7297,71935136.51,0.0,0.0,N/A,0,0,unavailable,-1.0,0,0.0,1.0,2632,0.07048144566251749,0.0593805838768553,0.005907059395430351,0.7631700399100673,-0.7278739407262877,-0.7451805739946119,-0.7352915176315433,-0.7185027304224973,-0.7219236030511471,-0.7062880850383413,-0.7362212778524729,-0.7478405148518148,-0.033251372567312254,-0.031241865650825096,-0.03291234605026905,-0.030080463863471074,-0.033406131592366606,-0.03222273429578515,-0.037883497178510805,-0.03585875461942689,-0.03823943728572199,-0.0374881932557104,-0.03703024394957943,-0.035586667420094975,-0.03691270929288337,-0.03752091856208728,-0.04037323657666536,-0.03847941922238873,,
2026-07-12 20:32,dfef1bdc,手动输入,-0.5041412230894077,-0.5562647616752012,-0.45201768450361407,0.10424707717158715,0,1,12,12,0.3889,8.0,0.8667,1479164.02,0.0,0.0,N/A,0,0,unavailable,-1.0,0,0.0,1.0,2645,0.15344109905741163,0.0782356661655966,0.026564446303344952,0.8238097904145151,-0.6689839085532246,-0.6888993597419691,-0.6758884244465624,-0.6602691682320239,-0.6593789844263435,-0.6456830393770001,-0.6728255078762181,-0.6865967994562856,0.0588900321730631,0.056281214252642764,0.05940309318498094,0.05823356219047349,0.06254461862480365,0.06060504566134117,0.06339576997625485,0.0612437153955292,0.09214140474037535,0.08752307990346786,0.09231543923524999,0.08831402605394456,0.09595075021717026,0.09282777995712632,0.10127926715476565,0.09710247001495609,,
2026-07-13 02:20,3482f71f,手动输入,-0.5041412230894077,-0.5562647616752012,-0.45201768450361407,0.10424707717158715,0,1,12,12,0.3889,8.0,0.7647,1479164.02,0.0,0.0,N/A,0,0,unavailable,-1.0,0,0.0,1.0,2471,0.20852620961436025,0.11538860212315921,-0.00668719150652726,0.6708181179398601,-0.6423716266379514,-0.6620009799143227,-0.6501598466906685,-0.6338056453979188,-0.6326553149462054,-0.6180854932622951,-0.6493718611218416,-0.6604528499425534,0.026612281915273206,0.026898379827646424,0.025728577755893878,0.026463522834105024,0.026723669480138046,0.027597546114704996,0.023453646754376445,0.026143949513732223,-0.032277750257789894,-0.02938283442499634,-0.03367451542908706,-0.03177003935636846,-0.035820949144665604,-0.033007499546636176,-0.0399421232218784,-0.035099765881796974,,
2026-07-13 08:07,9946e739,手动输入,-0.3395976788396524,-0.38251544572326623,-0.2966799119560386,0.08583553376722763,0,0,12,12,0.4375,8.0,0.7297,1551133049.59,0.0,0.0,N/A,0,0,unavailable,-1.0,0,0.0,1.0,2443,0.013769948649419515,-0.03186313427305117,-0.08328977743485932,0.7888171702081875,-0.7295470240488657,-0.7479258000650523,-0.7322767966773238,-0.7188003346049866,-0.7201194374603541,-0.7031064574176417,-0.7318960152278784,-0.7423169664454283,-0.08717539741091429,-0.08592482015072955,-0.08211694998665531,-0.08499468920706776,-0.0874641225141487,-0.08502096415534655,-0.08252415410603675,-0.08186411650287495,-0.1137876793261875,-0.11282319997837598,-0.10784552774254919,-0.11145821204117279,-0.11418779199428675,-0.11261851027005154,-0.1059778008604132,-0.10800806601660717,,
2026-07-13 13:55,14b4a6fb,手动输入,0.4180983809485479,0.37796361767904807,0.4582331442180477,0.08026952653899966,0,0,12,12,0.4167,8.0,0.7447,292571457.96,0.0,0.0,N/A,0,0,unavailable,-1.0,0,0.0,1.0,2527,-0.0526460390128445,-0.08839885158390409,-0.01652432070067846,0.8438248571536772,-0.7627444406108576,-0.7809970248509812,-0.7652892521008203,-0.7532932324380065,-0.7560468308110632,-0.7383796341190599,-0.762326126617682,-0.7734698048040836,-0.03319741656199182,-0.03307122478592894,-0.03301245542349651,-0.0344928978330199,-0.03592739335070905,-0.035273176701418274,-0.03043011138980356,-0.031152838358655233,0.05397798084892247,0.05285359536480061,0.049104494563158796,0.050501791374047866,0.051536729163439654,0.04974778745392827,0.05209404271623319,0.05071127814421972,,
2026-07-13 19:43,f6db654a,手动输入,-0.0375660371973936,-0.05326041253907225,-0.02187166185571494,0.03138875068335731,0,1,12,12,0.4722,8.0,0.6897,10501507380478.43,0.0,0.0,N/A,0,0,unavailable,-1.0,0,0.0,1.0,2596,0.1177730336926572,0.0021957765511021327,-0.07812044477685672,0.6608266640027992,-0.7091696104589523,-0.7280909301709756,-0.7170590456691296,-0.7007947592582784,-0.7001090622977046,-0.6841919039697469,-0.7140810010256404,-0.7246694110747083,0.05357483015190523,0.05290609468000562,0.048230206431690736,0.05249847317972811,0.05593776851335852,0.054187730149312996,0.04824512559204153,0.04880039372937528,0.08677224671389705,0.08597731946593457,0.08124266185518725,0.08699137101274801,0.09186516186406757,0.08946090685073127,0.07867523698184509,0.07995323208803051,,
2026-07-14 01:30,c38086f8,手动输入,-0.014618456849087025,-0.08546020099143718,0.05622328729326313,0.14168348828470032,0,0,12,12,0.4097,8.0,0.7317,45486284.1,0.0,0.0,N/A,0,0,unavailable,-1.0,0,0.0,1.0,2147,-0.04580271976382912,-0.08194411982343115,0.12702416063412708,0.9287683327916124,-0.7558735547262829,-0.7756997141184884,-0.7622735814819982,-0.7518172291147162,-0.7548039212915753,-0.7367604692158923,-0.7574111324182465,-0.7687544419833356,-0.0467039442673306,-0.04760878394751278,-0.045214535812868606,-0.05102246985643777,-0.05469485899387061,-0.05256856524614539,-0.04333013139260611,-0.044085030908627365,-0.10027877441923583,-0.1005148786275184,-0.09344474224455934,-0.10352094303616588,-0.11063262750722913,-0.10675629539545839,-0.09157525698464763,-0.09288542463800264,,
2026-07-14 07:18,9c198aed,手动输入,-0.5041412230894077,-0.5562647616752012,-0.45201768450361407,0.10424707717158715,0,1,12,12,0.3889,8.0,0.5484,1479164.02,0.0,0.0,N/A,0,0,unavailable,-1.0,0,0.0,1.0,2206,0.043672829853062325,0.007415136270503303,-0.09775166590960549,0.7148388388421261,-0.7524316872270702,-0.766577902613638,-0.755035071707877,-0.7399149581189326,-0.7386969962733936,-0.7267279933180985,-0.7542149052357674,-0.7651180368115521,0.003441867499212714,0.009121811504850363,0.007238509774121216,0.01190227099578356,0.016106925018181673,0.01003247589779388,0.003196227182479139,0.003636405171783541,0.05014581176654331,0.05673059545236314,0.05245304558698982,0.06292474085222133,0.07080178401205228,0.06260104114393927,0.04652635857508525,0.047721436080410906,,
2026-07-14 13:05,176da281,手动输入,8.85097880117246,7.9797976359334575,9.722159966411462,1.742362330478005,0,1,12,12,0.4375,8.0,0.7576,11999999999090.87,0.0,0.0,N/A,0,0,unavailable,-1.0,0,0.0,1.0,2358,0.06233445389760604,0.0508337911899404,-0.009108581654852347,0.8208822132421754,-0.7238098393155592,-0.7431589253383437,-0.7309634035970036,-0.7156147465696864,-0.7178240254919963,-0.7040971916844749,-0.7311530686599241,-0.7427109978100527,0.02862184791151101,0.023418977275294295,0.024071668110873357,0.02430021154924622,0.02087297078139727,0.02263080163362352,0.023061836575843264,0.02240703900149943,0.025179980412298297,0.014297165770443931,0.01683315833675214,0.01239794055346266,0.004766045763215598,0.01259832573582964,0.019865609393364125,0.018770633829715888,,
2026-07-14 18:53,95e47441,手动输入,-0.5041412230894077,-0.5562647616752012,-0.45201768450361407,0.10424707717158715,0,1,12,12,0.3889,8.0,0.625,1479164.02,0.0,0.0,N/A,0,0,unavailable,-1.0,0,0.0,1.0,2115,0.08390398092756657,0.08077380216699953,-0.13102640919910255,0.976296335770724,-0.6972441692197872,-0.7154415560259407,-0.7012097615487164,-0.6841455532548114,-0.6852699952350423,-0.6699843804051244,-0.702220598425821,-0.7128302510033631,0.026565670095772043,0.027717369312402984,0.029753642048287232,0.031469193314874966,0.032554030256954025,0.03411281127935051,0.02893247023410317,0.029880746806689618,-0.0020561778157389687,0.004298392037108689,0.005681973937413876,0.007168981765628746,0.011681059475556754,0.011482009645726987,0.005870633658259905,0.007473707805190188,,
2026-07-15 00:41,0a315311,手动输入,0.22921161531273526,0.1598588871186171,0.29856434350685346,0.13870545638823636,0,1,12,12,0.4375,8.0,0.75,472904380.28,0.0,0.0,N/A,0,0,unavailable,-1.0,0,0.0,1.0,2204,0.07306227664533693,0.017418944943703045,-0.14981119183475983,0.7707893779315795,-0.7227457740432337,-0.7389763985269886,-0.7262497214470351,-0.7112470894043559,-0.7123037105486649,-0.6954994873167111,-0.7266541047079229,-0.7370564860412747,-0.025501604823446544,-0.02353484250104787,-0.025039959898318753,-0.02710153614954447,-0.02703371531362264,-0.02551510691158665,-0.024433506282101947,-0.02422623503791166,-0.05206727491921859,-0.051252211813450854,-0.054793601946605985,-0.058570729464419435,-0.05958774557057667,-0.05962791819093716,-0.053365976516205116,-0.054106981844601276,,
2026-07-15 06:28,4a54d5aa,手动输入,-0.19944786987753105,-0.3360204454652249,-0.06287529428983718,0.27314515117538773,0,0,12,12,0.4375,8.0,0.6667,1909835651610.81,0.0,0.0,N/A,0,0,unavailable,-1.0,0,0.0,1.0,2185,-0.11116082099636139,0.08739351537616784,-0.01803815128704045,0.8333687668979693,-0.7563988846996869,-0.7746341742291,-0.7571159416606621,-0.7424357115064777,-0.7469578184898243,-0.7300795958212117,-0.7625601155401116,-0.7686833015560655,-0.033653110656453156,-0.03565777570211137,-0.03086622021362695,-0.03118862210212181,-0.03465410794115942,-0.03458010850450066,-0.035906010832188695,-0.03162681551479074,-0.008151505833006611,-0.012122933201063502,-0.005826260315308196,-0.004087085952577341,-0.007620392627536776,-0.009065001592914013,-0.011472504550086748,-0.007400580476879082,,
2026-07-15 12:16,009dac53,手动输入,0.8395069569221789,0.7448649144377367,0.9341489994066211,0.18928408496888438,0,1,12,12,0.4583,8.0,0.7027,322470506.31,0.0,0.0,N/A,0,0,unavailable,-1.0,0,0.0,1.0,2283,-0.062259586137666384,0.11725553750839358,-0.04809083214966728,0.9327572896937069,-0.7339063128845855,-0.7520230739951909,-0.735015431676876,-0.7206990815496251,-0.7224081056096903,-0.7082795356954891,-0.7387944263403194,-0.7471217803210469,0.022492571815101337,0.02261110023390911,0.0221005099837861,0.02173662995685255,0.024549712880134078,0.021800060125722664,0.02376568919979216,0.021561521235018533,0.05614568247155449,0.05826887593602048,0.05296673019741305,0.05292525205897436,0.059203820821293496,0.056380168630223326,0.05967170003198086,0.05318833674980927,,
2026-07-19 10:57,f6276dd4,手动输入,0.0,0.0,0.0,0.0,0,0,0,0,0.0,0.0,0.0,0.0,0.0,0.0,N/A,0,0,unavailable,-1.0,0,0.0,1.0,0,0.14013175320882604,0.1563949266687823,-0.03251406583944713,0.8608758207435631,-0.6620288494050061,-0.6813332707355063,-0.667058442369358,-0.6506925938554619,-0.649960646481936,-0.6363030256086516,-0.6667577709263811,-0.6782945772146842,0.07187746347957946,0.07068980325968455,0.06795698930751803,0.07000648769416329,0.0724474591277543,0.07197651008683748,0.07203665541393833,0.0688272031063627,0.049384891664478126,0.04807870302577544,0.045856479323731936,0.04826985773731074,0.04789774624762022,0.05017644996111481,0.04827096621414617,0.04726568187134417,,
2026-07-19 10:57,2f923e88,手动输入,1.1263908121840274,1.0487209640423494,1.2040606603257054,0.15533969628335598,0,1,12,12,0.4514,8.0,0.8049,521259928.19,0.0,0.0,N/A,0,0,unavailable,-1.0,0,0.0,1.0,2818,-0.10189453711509926,0.09228177287176562,-0.02779819064574,0.8943021142686085,-0.754759779088562,-0.7732157782150665,-0.7556922894524855,-0.7407061082987813,-0.7448510731834508,-0.729257958894194,-0.7595255890391392,-0.767767015194634,-0.0927309296835559,-0.09188250747956017,-0.08863384708312749,-0.0900135144433194,-0.09489042670151482,-0.09295493328554238,-0.09276781811275814,-0.08947243797994975,-0.16460839316313536,-0.16257231073924472,-0.15659083639064553,-0.1600200021374827,-0.16733788582926912,-0.16493144337237986,-0.16480447352669647,-0.15829964108631245,,
2026-07-19 10:57,12f12613,手动输入,1.223817860797702,0.8118333180877423,1.6358024035076615,0.8239690854199192,0,1,12,12,0.4097,8.0,0.7368,818411903.55,0.0,0.0,N/A,0,0,unavailable,-1.0,0,0.0,1.0,2863,0.08742685184674281,0.1572132099747051,-0.04175900277703517,0.8849400166148302,-0.6850525412338011,-0.7042581019355005,-0.6894108681270531,-0.6737250627984919,-0.6729588714162549,-0.660504791606141,-0.6900846463065629,-0.7017580049383972,0.06970723785476085,0.06895767627956595,0.06628142132543235,0.06698104550028938,0.0718922017671959,0.06875316728805303,0.0694409427325764,0.06600901025623673,0.16243816753831675,0.16084018375912612,0.15491526840855985,0.15699455994360878,0.16678262846871073,0.16170810057359541,0.16220876084533453,0.15548144823618648,,
2026-07-19 10:57,4dc25c47,手动输入,-0.24317700438615475,-0.32351938164930166,-0.16283462712300784,0.16068475452629383,0,1,12,12,0.3958,8.0,0.6429,60640707867.57,0.0,0.0,N/A,0,0,unavailable,-1.0,0,0.0,1.0,2808,-0.20607939072252413,0.04647502496857166,-0.0376507605478006,0.7294494147072896,-0.7728556791652236,-0.7866867653961896,-0.7699489825055994,-0.7591386253730494,-0.7626202254061284,-0.7468507621661165,-0.773975594905628,-0.78341607229321,-0.08780313793142247,-0.08242866346068911,-0.0805381143785463,-0.08541356257455757,-0.08966135398987352,-0.0863459705599755,-0.0838909485990651,-0.08165806735481274,-0.15751037578618332,-0.15138633974025506,-0.14681953570397865,-0.15239460807484695,-0.16155355575706942,-0.15509913784802853,-0.1533318913316415,-0.14766707761104947,,
2026-07-19 10:57,0bf17061,手动输入,0.14210713880716508,-0.08673026446697157,0.37094454208130173,0.4576748065482733,0,1,12,12,0.4028,8.0,0.65,180641968.6,0.0,0.0,N/A,0,0,unavailable,-1.0,0,0.0,1.0,2823,0.10061148165783944,0.15227192279258533,0.00104839649828844,0.6336574627798591,-0.6836664257215306,-0.7015010758020561,-0.6875856711231199,-0.6719603896200675,-0.6718061888103253,-0.6586577937294773,-0.6879068831303214,-0.7024633036690795,0.089189253443693,0.08518568959413353,0.08236331138247954,0.08717823575298189,0.09081403659580312,0.08819296843663915,0.0860687117753065,0.08095276862413048,0.17699239137511547,0.16761435305482264,0.16290142576102584,0.17259179832753946,0.18047539058567663,0.17453893899661466,0.1699596603743716,0.1626108359789432,,
2026-07-19 10:57,aacfb611,手动输入,0.18426610598055504,0.10001732000851216,0.2685148919525979,0.16849757194408577,0,0,12,12,0.4028,8.0,0.619,292350320.55,0.0,0.0,N/A,0,0,unavailable,-1.0,0,0.0,1.0,2857,-0.16888803792032306,0.08625729807928095,0.011473689822119677,0.7188034434409938,-0.7803227520298626,-0.7949852803986256,-0.7767014284893733,-0.7650461721130841,-0.7699750524523368,-0.7531719659659366,-0.7816455424851539,-0.7919674444495901,-0.09665632630833199,-0.09348420459656948,-0.08911575736625343,-0.09308578249301658,-0.0981688636420115,-0.0945141722364593,-0.0937386593548325,-0.08950414078051061,-0.18584557975202498,-0.178669894190703,-0.17147906874873298,-0.18026401824599847,-0.1889829002378146,-0.18270714067309846,-0.179807371130139,-0.1704569094046411,,
2026-07-19 10:57,1c04408e,手动输入,-0.8484042789787054,-0.9066641508115711,-0.7901444071458397,0.11651974366573148,0,1,12,12,0.4792,8.0,0.6512,11999999999999.55,0.0,0.0,N/A,0,0,unavailable,-1.0,0,0.0,1.0,2739,0.014747474076950706,0.10467882608423096,0.024031330615300543,0.6946202260642625,-0.7516513624357355,-0.7667139913682965,-0.7563441926556936,-0.7388800789839971,-0.7419404686292544,-0.7275118504478897,-0.7570735904014926,-0.7704946491778919,0.028671389594127072,0.02827128903032905,0.020357235833679654,0.02616609312908702,0.028034583823082326,0.025660115518046922,0.024571952083661364,0.02147279527169821,0.12532771590245906,0.12175549362689853,0.10947299319993309,0.1192518756221036,0.12620344746509382,0.12017428775450623,0.11831061143849386,0.11097693605220882,,
2026-07-19 10:57,d0a9a851,手动输入,8.018906459212303,0.0,0.0,0.0,0,1,12,12,0.4375,8.0,0.6765,11468271346659.19,0.0,0.0,N/A,0,0,unavailable,-1.0,0,0.0,1.0,2735,-0.0067922383193604954,0.11923136983291091,-0.01574367853447614,0.4871973980814546,-0.7288014558539229,-0.7466370163476166,-0.7316281757428624,-0.715431481881699,-0.7181494676915963,-0.7022767750973482,-0.7357663106046305,-0.7452491794726748,0.02284990658181263,0.020076975020679955,0.024716016912831207,0.023448597102298074,0.02379100093765818,0.02523507535054148,0.02130727979686209,0.025245469705217127,-0.005821483012314443,-0.008194314009649095,0.0043587810791515524,-0.002717496026788946,-0.004243582885424146,-0.0004250401675054416,-0.003264672286799275,0.003772674433518919,,
2026-07-19 10:57,a10deeea,手动输入,0.5340844252656525,0.4600293380693777,0.6081395124619273,0.14811017439254964,0,1,12,12,0.4028,8.0,0.6944,1869669.78,0.0,0.0,N/A,0,0,unavailable,-1.0,0,0.0,1.0,2628,0.027288484412777363,0.006188799954736705,-0.054451307487494646,0.7706770342779713,-0.7260496288026465,-0.7456601733344665,-0.732833000195715,-0.7179816544410436,-0.7174920833368591,-0.7022635325829479,-0.7315900282811332,-0.7391394589180464,0.002751827051276412,0.0009768430131500416,-0.0012048244528525265,-0.0025501725593445324,0.0006573843547371672,1.3242514400269023e-05,0.004176282323497316,0.006109720554628328,-0.020098079530536217,-0.019100132007529913,-0.025920841365683733,-0.025998769661642607,-0.023133616582921013,-0.02522183283614121,-0.017130997473364773,-0.0191357491505888,,
2026-07-19 10:57,5fb59f8c,手动输入,-0.8818504071136886,-0.9146523596815549,-0.8490484545458222,0.06560390513573267,0,1,12,12,0.4375,8.0,0.6667,11358518868027.16,0.0,0.0,N/A,0,0,unavailable,-1.0,0,0.0,1.0,2583,0.1159842750005834,-0.000134090587070472,-0.013994849108800101,0.3180210388056826,-0.7114999676178455,-0.7299961603645898,-0.7199229768328009,-0.7057783854088902,-0.703616360357054,-0.687024975894692,-0.7153427450096898,-0.7262869444345498,0.014549661184800944,0.01566401296987674,0.012910023362914025,0.012203269032153408,0.013875722979805105,0.015238556688255911,0.016247283271443425,0.012852514483496669,0.011797834133524532,0.014687169956726698,0.014114847815766551,0.01475344159149794,0.013218338625067938,0.015225314173855642,0.012071000947946109,0.00674279392886834,,
2026-07-19 10:57,756d4b3a,手动输入,-0.001996755599975586,-7355696.093513435,7355696.089519924,14711392.183033358,0,1,12,12,0.4375,8.0,0.5833,12000000000000.0,0.0,0.0,N/A,0,0,unavailable,-1.0,0,0.0,1.0,2561,-0.0020928522643395286,0.04538406872187403,-0.0020877094427217986,0.3165089861741431,-0.7523071863617479,-0.7687361306912759,-0.7546088575424691,-0.7387354529568151,-0.7420679176583025,-0.7242117698165876,-0.7568676011515595,-0.7669824445194613,-0.04080721874390236,-0.03873997032668608,-0.03468588070966816,-0.032957067547924934,-0.038451557301248496,-0.03718679392189561,-0.04152485614186974,-0.04069550008491152,-0.055356879928703306,-0.05440398329656282,-0.047595904072582185,-0.04516033658007834,-0.0523272802810536,-0.05242535061015152,-0.05777213941331316,-0.053548014568408187,,
2026-07-19 10:57,9989fd48,手动输入,4.057987143400624,3.647035479401718,4.468938807399529,0.821903327997811,0,0,12,12,0.4236,8.0,0.55,6504259613.82,0.0,0.0,N/A,0,0,unavailable,-1.0,0,0.0,1.0,2560,0.026259604539648068,0.008175381287190874,-0.0020278314040828565,0.666590768334065,-0.7306332513950544,-0.7476755465826583,-0.7382823345053111,-0.722872012171201,-0.723517830489192,-0.7064087106768748,-0.7383363282695559,-0.7462080743913339,0.021673934966693453,0.021060584108617553,0.01632652303715798,0.01586344078561408,0.01855008716911044,0.017803059139712807,0.018531272882003624,0.02077437012812744,0.062481153710595816,0.05980055443530363,0.05101240374682614,0.048820508333539014,0.057001644470358936,0.05498985306160842,0.06005612902387336,0.06146987021303896,,
2026-07-19 10:57,dd38d0b5,手动输入,-0.5688673089794647,-0.6248048478988145,-0.5129297700601149,0.11187507783869965,0,1,11,12,0.405,8.0,0.8462,461445.26,0.0,0.0,N/A,0,0,unavailable,-1.0,0,0.0,1.0,2576,0.2023764195188452,0.09491560308832782,-0.017041346852622083,0.7310152248719138,-0.6529641465837143,-0.6724841855522363,-0.6615963807246792,-0.6430862568781857,-0.6429997940392769,-0.6278366177235629,-0.660753760949676,-0.6721382897069464,0.07766910481134015,0.07519136103042201,0.07668595378063192,0.07978575529301535,0.08051803644991518,0.07857209295331191,0.07758256731987989,0.07406978468438741,0.0559951698446467,0.05413077692180446,0.06035943074347394,0.06392231450740127,0.061967949280804735,0.060769033813599105,0.05905129443787627,0.05329541455625997,,
2026-07-19 10:57,ed4b9383,手动输入,-0.28034492493783203,-0.35734347311278764,-0.20334637676287642,0.1539970963499112,0,1,10,12,0.45,8.0,0.7059,8942198.39,0.0,0.0,N/A,0,0,unavailable,-1.0,0,0.0,1.0,2538,0.1673486092333113,0.04638316021489774,-0.0287692709938683,0.7511692492667923,-0.6631124977834,-0.683567949184839,-0.6724436008471877,-0.6562112693883262,-0.6542793490689864,-0.6399612328615041,-0.6712600533795735,-0.680341755868342,-0.010148351199685712,-0.011083763632602661,-0.010847220122508494,-0.013125012510140532,-0.011279555029709565,-0.012124615137941164,-0.010506292429897535,-0.008203466161395556,-0.08781745601102586,-0.08627512466302467,-0.08753317390314042,-0.09291076780315588,-0.09179759147962474,-0.09069670809125308,-0.08808885974977743,-0.08227325084578296,,
2026-07-19 10:57,7fac3bd7,手动输入,0.0,0.0,0.0,0.0,0,0,0,0,0.0,0.0,0.0,0.0,0.0,0.0,N/A,0,0,unavailable,-1.0,0,0.0,1.0,0,0.20061499318713985,0.1324977707971332,-0.024030703891258016,0.7950305164528694,-0.6485936994105798,-0.6678162016910717,-0.6547146252321695,-0.6371784128989291,-0.6366381238019568,-0.6236126534463853,-0.6555172695151296,-0.6670019677781338,0.014518798372820219,0.015751747493767287,0.017728975615018183,0.01903285648939712,0.017641225267029603,0.016348579415118802,0.015742783864443943,0.013339788090208193,0.02466714957250593,0.02683551112636995,0.028576195737526677,0.03215786899953765,0.028920780296739168,0.028473194553059966,0.026249076294341478,0.02154325425160375,,
2026-07-15 08:00,56655cad,新华社,0.18224880444526903,0.1291217148021289,0.23537589408840917,0.10625417928628028,0,0,12,12,0.3681,8.0,0.5849,44615997.76,0.0,0.0,N/A,0,0,unavailable,-1.0,0,0.0,1.0,3049,0.055774378984615666,-0.04718717584585198,0.017878259667564615,0.9163978285671676,-0.7706074371369891,-0.7852757713749271,-0.7811849445779797,-0.7641618108019013,-0.7661552160816836,-0.7460181484613371,-0.7795607321957252,-0.7867374253813286,,,,,,,,,,,,,,,,,,
2026-07-15 08:00,56655cad,新华社,0.0,,,,0,0,0,0,0.0,0.0,0.0,0.0,0.0,0.0,N/A,0,0,unavailable,-1.0,0,0.0,1.0,0,,,,,,,,,,,,,,,,,,,,,,,,,,,,,,
2026-07-15 20:00,df383097,人民日报,0.0,,,,0,0,0,0,0.0,0.0,0.0,0.0,0.0,0.0,N/A,0,0,unavailable,-1.0,0,0.0,1.0,0,,,,,,,,,,,,,,,,,,,,,,,,,,,,,,
2026-07-16 08:00,e06ae53f,环球时报,0.0,,,,0,0,0,0,0.0,0.0,0.0,0.0,0.0,0.0,N/A,0,0,unavailable,-1.0,0,0.0,1.0,0,,,,,,,,,,,,,,,,,,,,,,,,,,,,,,
2026-07-16 20:00,9c0c7ed7,经济日报,0.0,,,,0,0,0,0,0.0,0.0,0.0,0.0,0.0,0.0,N/A,0,0,unavailable,-1.0,0,0.0,1.0,0,,,,,,,,,,,,,,,,,,,,,,,,,,,,,,
2026-07-17 08:00,f32e79b1,光明日报,0.0,,,,0,0,0,0,0.0,0.0,0.0,0.0,0.0,0.0,N/A,0,0,unavailable,-1.0,0,0.0,1.0,0,,,,,,,,,,,,,,,,,,,,,,,,,,,,,,
2026-07-17 20:00,36874dc4,中国青年报,0.0,,,,0,0,0,0,0.0,0.0,0.0,0.0,0.0,0.0,N/A,0,0,unavailable,-1.0,0,0.0,1.0,0,,,,,,,,,,,,,,,,,,,,,,,,,,,,,,
2026-07-15 08:00,56655cad,新华社,0.0,,,,0,0,0,0,0.0,0.0,0.0,0.0,0.0,0.0,N/A,0,0,unavailable,-1.0,0,0.0,1.0,0,,,,,,,,,,,,,,,,,,,,,,,,,,,,,,
2026-07-15 20:00,df383097,人民日报,0.0,,,,0,0,0,0,0.0,0.0,0.0,0.0,0.0,0.0,N/A,0,0,unavailable,-1.0,0,0.0,1.0,0,,,,,,,,,,,,,,,,,,,,,,,,,,,,,,
2026-07-16 08:00,e06ae53f,环球时报,0.0,,,,0,0,0,0,0.0,0.0,0.0,0.0,0.0,0.0,N/A,0,0,unavailable,-1.0,0,0.0,1.0,0,,,,,,,,,,,,,,,,,,,,,,,,,,,,,,
2026-07-16 20:00,9c0c7ed7,经济日报,0.0,,,,0,0,0,0,0.0,0.0,0.0,0.0,0.0,0.0,N/A,0,0,unavailable,-1.0,0,0.0,1.0,0,,,,,,,,,,,,,,,,,,,,,,,,,,,,,,
2026-07-17 08:00,f32e79b1,光明日报,0.0,,,,0,0,0,0,0.0,0.0,0.0,0.0,0.0,0.0,N/A,0,0,unavailable,-1.0,0,0.0,1.0,0,,,,,,,,,,,,,,,,,,,,,,,,,,,,,,
2026-07-17 20:00,36874dc4,中国青年报,0.0,,,,0,0,0,0,0.0,0.0,0.0,0.0,0.0,0.0,N/A,0,0,unavailable,-1.0,0,0.0,1.0,0,,,,,,,,,,,,,,,,,,,,,,,,,,,,,,
2026-07-12 03:10,97c21308,手动输入,0.0,,,,0,0,0,0,0.0,0.0,0.0,0.0,0.0,0.0,N/A,0,0,unavailable,-1.0,0,0.0,1.0,0,0.0,0.0,0.0,0.0,-0.8651694253463262,-0.14800441045111676,0.028552083148257416,0.1713720661293784,0.106684905178679,0.07712945868469318,0.07730887716733839,-0.11515207444391083,,,,,,,,,,,,,,,,,modified_gs,"{'available': True, 'matrix': [[0.9999999999999999, 0.9984438354758614, 0.9966008376619284, 0.994851478244095, 0.9962864834252836, 0.9946947554222314, 0.9969084134600781, 0.9977309887394614], [0.9984438354758614, 1.0, 0.9980230953155962, 0.9964889754558748, 0.997199499936649, 0.9954550679855426, 0.9967497619906374, 0.9976685485606213], [0.9966008376619284, 0.9980230953155962, 1.0, 0.9973994887748472, 0.9977837975618157, 0.9962907205101741, 0.9961666305579109, 0.997642870616393], [0.994851478244095, 0.9964889754558748, 0.9973994887748472, 0.9999999999999999, 0.9974434505552486, 0.9980210314299838, 0.9930379475091113, 0.9954986488203164], [0.9962864834252836, 0.997199499936649, 0.9977837975618157, 0.9974434505552486, 1.0000000000000002, 0.9965876066578649, 0.9959420560487688, 0.9975805182487549], [0.9946947554222314, 0.9954550679855426, 0.9962907205101741, 0.9980210314299838, 0.9965876066578649, 1.0000000000000002, 0.9927528420651623, 0.9957604241434728], [0.9969084134600781, 0.9967497619906374, 0.9961666305579109, 0.9930379475091113, 0.9959420560487688, 0.9927528420651623, 1.0, 0.9973465211715946], [0.9977309887394614, 0.9976685485606213, 0.997642870616393, 0.9954986488203164, 0.9975805182487549, 0.9957604241434728, 0.9973465211715946, 1.0]], 'names': ['福音', '吉祥', '奥美', '存在', '自孕', '弥赛亚', 'Alice', '觉爱'], 'max_off_diagonal': 0.9984438354758614, 'mean_off_diagonal': 0.9965127248694744, 'frobenius_distance': 7.457225599679356, 'axis_independence': 'poor', 'degenerate_axes': ['Alice', '吉祥', '奥美', '存在', '弥赛亚', '福音', '自孕', '觉爱']}"
2026-07-12 08:57,c32f1b5f,手动输入,0.0,,,,0,0,0,0,0.0,0.0,0.0,0.0,0.0,0.0,N/A,0,0,unavailable,-1.0,0,0.0,1.0,0,0.0,0.0,0.0,0.0,-0.8646127544369703,-0.14407357036791762,0.02533136731287687,0.17607275407785838,0.09805567402010504,0.08073175667068959,0.07277506775385191,-0.12195923665219018,2.6737315531025973e-08,1.8880115673386806e-07,-1.5469336385113088e-07,2.2577751913928904e-07,-4.1446835535897986e-07,1.7302103679137436e-07,-2.1776221966793857e-07,-3.269530359404104e-07,,,,,,,,,modified_gs,"{'available': True, 'matrix': [[0.9999999999999999, 0.9984438354758614, 0.9966008376619284, 0.994851478244095, 0.9962864834252836, 0.9946947554222314, 0.9969084134600781, 0.9977309887394614], [0.9984438354758614, 1.0, 0.9980230953155962, 0.9964889754558748, 0.997199499936649, 0.9954550679855426, 0.9967497619906374, 0.9976685485606213], [0.9966008376619284, 0.9980230953155962, 1.0, 0.9973994887748472, 0.9977837975618157, 0.9962907205101741, 0.9961666305579109, 0.997642870616393], [0.994851478244095, 0.9964889754558748, 0.9973994887748472, 0.9999999999999999, 0.9974434505552486, 0.9980210314299838, 0.9930379475091113, 0.9954986488203164], [0.9962864834252836, 0.997199499936649, 0.9977837975618157, 0.9974434505552486, 1.0000000000000002, 0.9965876066578649, 0.9959420560487688, 0.9975805182487549], [0.9946947554222314, 0.9954550679855426, 0.9962907205101741, 0.9980210314299838, 0.9965876066578649, 1.0000000000000002, 0.9927528420651623, 0.9957604241434728], [0.9969084134600781, 0.9967497619906374, 0.9961666305579109, 0.9930379475091113, 0.9959420560487688, 0.9927528420651623, 1.0, 0.9973465211715946], [0.9977309887394614, 0.9976685485606213, 0.997642870616393, 0.9954986488203164, 0.9975805182487549, 0.9957604241434728, 0.9973465211715946, 1.0]], 'names': ['福音', '吉祥', '奥美', '存在', '自孕', '弥赛亚', 'Alice', '觉爱'], 'max_off_diagonal': 0.9984438354758614, 'mean_off_diagonal': 0.9965127248694744, 'frobenius_distance': 7.457225599679356, 'axis_independence': 'poor', 'degenerate_axes': ['Alice', '吉祥', '奥美', '存在', '弥赛亚', '福音', '自孕', '觉爱']}"
2026-07-12 14:45,3fa94212,手动输入,0.0,,,,0,0,0,0,0.0,0.0,0.0,0.0,0.0,0.0,N/A,0,0,unavailable,-1.0,0,0.0,1.0,0,0.0,0.0,0.0,0.0,-0.8707346631399848,-0.13723501133344074,0.017688231572167427,0.1808605823020879,0.09613936081064439,0.07385303076533882,0.06175621093722343,-0.13115517528329207,-2.9319486125548583e-07,3.27517195137782e-07,-3.660505622945136e-07,2.2930211801865506e-07,-9.177745256037577e-08,-3.294408958501326e-07,-5.277230276163065e-07,-4.404185168152248e-07,-1.5344468910624066e-11,6.653047405463497e-12,-1.013703589656512e-11,1.6904550980172753e-13,1.547678190880595e-11,-2.409889365187084e-11,-1.486622580088096e-11,-5.441989490398772e-12,modified_gs,"{'available': True, 'matrix': [[0.9999999999999999, 0.9984438354758614, 0.9966008376619284, 0.994851478244095, 0.9962864834252836, 0.9946947554222314, 0.9969084134600781, 0.9977309887394614], [0.9984438354758614, 1.0, 0.9980230953155962, 0.9964889754558748, 0.997199499936649, 0.9954550679855426, 0.9967497619906374, 0.9976685485606213], [0.9966008376619284, 0.9980230953155962, 1.0, 0.9973994887748472, 0.9977837975618157, 0.9962907205101741, 0.9961666305579109, 0.997642870616393], [0.994851478244095, 0.9964889754558748, 0.9973994887748472, 0.9999999999999999, 0.9974434505552486, 0.9980210314299838, 0.9930379475091113, 0.9954986488203164], [0.9962864834252836, 0.997199499936649, 0.9977837975618157, 0.9974434505552486, 1.0000000000000002, 0.9965876066578649, 0.9959420560487688, 0.9975805182487549], [0.9946947554222314, 0.9954550679855426, 0.9962907205101741, 0.9980210314299838, 0.9965876066578649, 1.0000000000000002, 0.9927528420651623, 0.9957604241434728], [0.9969084134600781, 0.9967497619906374, 0.9961666305579109, 0.9930379475091113, 0.9959420560487688, 0.9927528420651623, 1.0, 0.9973465211715946], [0.9977309887394614, 0.9976685485606213, 0.997642870616393, 0.9954986488203164, 0.9975805182487549, 0.9957604241434728, 0.9973465211715946, 1.0]], 'names': ['福音', '吉祥', '奥美', '存在', '自孕', '弥赛亚', 'Alice', '觉爱'], 'max_off_diagonal': 0.9984438354758614, 'mean_off_diagonal': 0.9965127248694744, 'frobenius_distance': 7.457225599679356, 'axis_independence': 'poor', 'degenerate_axes': ['Alice', '吉祥', '奥美', '存在', '弥赛亚', '福音', '自孕', '觉爱']}"
2026-07-12 20:32,dfef1bdc,手动输入,0.0,,,,0,0,0,0,0.0,0.0,0.0,0.0,0.0,0.0,N/A,0,0,unavailable,-1.0,0,0.0,1.0,0,0.0,0.0,0.0,0.0,-0.8507602058151311,-0.14739637149078208,0.026224280003937925,0.18992034513191453,0.11372786716928207,0.07859424310075541,0.07292268184394593,-0.12668404669944802,9.593879598873055e-07,-4.880576444448291e-07,4.0999272006582605e-07,4.3514710998206643e-07,8.447889701555081e-07,2.2772393541866436e-07,5.363338571912824e-07,2.1475161305687068e-07,6.00759146831075e-11,-3.9116299260556884e-11,3.7220301312246504e-11,9.872661485055702e-12,4.491925288805199e-11,2.672253387380321e-11,5.10339033480858e-11,3.142302781161129e-11,modified_gs,"{'available': True, 'matrix': [[0.9999999999999999, 0.9984438354758614, 0.9966008376619284, 0.994851478244095, 0.9962864834252836, 0.9946947554222314, 0.9969084134600781, 0.9977309887394614], [0.9984438354758614, 1.0, 0.9980230953155962, 0.9964889754558748, 0.997199499936649, 0.9954550679855426, 0.9967497619906374, 0.9976685485606213], [0.9966008376619284, 0.9980230953155962, 1.0, 0.9973994887748472, 0.9977837975618157, 0.9962907205101741, 0.9961666305579109, 0.997642870616393], [0.994851478244095, 0.9964889754558748, 0.9973994887748472, 0.9999999999999999, 0.9974434505552486, 0.9980210314299838, 0.9930379475091113, 0.9954986488203164], [0.9962864834252836, 0.997199499936649, 0.9977837975618157, 0.9974434505552486, 1.0000000000000002, 0.9965876066578649, 0.9959420560487688, 0.9975805182487549], [0.9946947554222314, 0.9954550679855426, 0.9962907205101741, 0.9980210314299838, 0.9965876066578649, 1.0000000000000002, 0.9927528420651623, 0.9957604241434728], [0.9969084134600781, 0.9967497619906374, 0.9961666305579109, 0.9930379475091113, 0.9959420560487688, 0.9927528420651623, 1.0, 0.9973465211715946], [0.9977309887394614, 0.9976685485606213, 0.997642870616393, 0.9954986488203164, 0.9975805182487549, 0.9957604241434728, 0.9973465211715946, 1.0]], 'names': ['福音', '吉祥', '奥美', '存在', '自孕', '弥赛亚', 'Alice', '觉爱'], 'max_off_diagonal': 0.9984438354758614, 'mean_off_diagonal': 0.9965127248694744, 'frobenius_distance': 7.457225599679356, 'axis_independence': 'poor', 'degenerate_axes': ['Alice', '吉祥', '奥美', '存在', '弥赛亚', '福音', '自孕', '觉爱']}"
2026-07-13 02:20,3482f71f,手动输入,0.0,,,,0,0,0,0,0.0,0.0,0.0,0.0,0.0,0.0,N/A,0,0,unavailable,-1.0,0,0.0,1.0,0,0.0,0.0,0.0,0.0,-0.8426261311278184,-0.14678397742562013,0.024198092233693024,0.19695072519235993,0.1166332107043894,0.08231870234544879,0.06862815210093719,-0.13010562771224674,3.895629639517602e-07,2.93292176801699e-08,-9.703964416881711e-08,3.3670402588340045e-07,1.39144805321232e-07,1.7837448489910804e-07,-2.0567671182992064e-07,-1.6386882245204567e-07,-2.73297360160933e-11,2.481471760791362e-11,-2.4318099004059626e-11,-4.721490844060719e-12,-3.384384483617631e-11,-2.3668801208420294e-12,-3.558803688351094e-11,-1.8159253501626684e-11,modified_gs,"{'available': True, 'matrix': [[0.9999999999999999, 0.9984438354758614, 0.9966008376619284, 0.994851478244095, 0.9962864834252836, 0.9946947554222314, 0.9969084134600781, 0.9977309887394614], [0.9984438354758614, 1.0, 0.9980230953155962, 0.9964889754558748, 0.997199499936649, 0.9954550679855426, 0.9967497619906374, 0.9976685485606213], [0.9966008376619284, 0.9980230953155962, 1.0, 0.9973994887748472, 0.9977837975618157, 0.9962907205101741, 0.9961666305579109, 0.997642870616393], [0.994851478244095, 0.9964889754558748, 0.9973994887748472, 0.9999999999999999, 0.9974434505552486, 0.9980210314299838, 0.9930379475091113, 0.9954986488203164], [0.9962864834252836, 0.997199499936649, 0.9977837975618157, 0.9974434505552486, 1.0000000000000002, 0.9965876066578649, 0.9959420560487688, 0.9975805182487549], [0.9946947554222314, 0.9954550679855426, 0.9962907205101741, 0.9980210314299838, 0.9965876066578649, 1.0000000000000002, 0.9927528420651623, 0.9957604241434728], [0.9969084134600781, 0.9967497619906374, 0.9961666305579109, 0.9930379475091113, 0.9959420560487688, 0.9927528420651623, 1.0, 0.9973465211715946], [0.9977309887394614, 0.9976685485606213, 0.997642870616393, 0.9954986488203164, 0.9975805182487549, 0.9957604241434728, 0.9973465211715946, 1.0]], 'names': ['福音', '吉祥', '奥美', '存在', '自孕', '弥赛亚', 'Alice', '觉爱'], 'max_off_diagonal': 0.9984438354758614, 'mean_off_diagonal': 0.9965127248694744, 'frobenius_distance': 7.457225599679356, 'axis_independence': 'poor', 'degenerate_axes': ['Alice', '吉祥', '奥美', '存在', '弥赛亚', '福音', '自孕', '觉爱']}"
2026-07-13 08:07,9946e739,手动输入,0.0,,,,0,0,0,0,0.0,0.0,0.0,0.0,0.0,0.0,N/A,0,0,unavailable,-1.0,0,0.0,1.0,0,0.0,0.0,0.0,0.0,-0.8810772519313441,-0.13868644075367306,0.031447734361301785,0.16341336665461675,0.09622371977596357,0.07875820418179548,0.06933623547073865,-0.114716320113139,-1.8468357734642532e-06,3.889306758860264e-07,3.4820567375642466e-07,-1.6108241372595183e-06,-9.802829456496555e-07,-1.7101336040601866e-07,3.4009768001991616e-08,7.391598270464813e-07,-1.0726133033170328e-10,1.72470723360123e-11,2.135469150720584e-11,-9.340662652963639e-11,-5.368958038229676e-11,-1.675721080600128e-11,1.1495754428389075e-11,4.3310726594653566e-11,modified_gs,"{'available': True, 'matrix': [[0.9999999999999999, 0.9984438354758614, 0.9966008376619284, 0.994851478244095, 0.9962864834252836, 0.9946947554222314, 0.9969084134600781, 0.9977309887394614], [0.9984438354758614, 1.0, 0.9980230953155962, 0.9964889754558748, 0.997199499936649, 0.9954550679855426, 0.9967497619906374, 0.9976685485606213], [0.9966008376619284, 0.9980230953155962, 1.0, 0.9973994887748472, 0.9977837975618157, 0.9962907205101741, 0.9961666305579109, 0.997642870616393], [0.994851478244095, 0.9964889754558748, 0.9973994887748472, 0.9999999999999999, 0.9974434505552486, 0.9980210314299838, 0.9930379475091113, 0.9954986488203164], [0.9962864834252836, 0.997199499936649, 0.9977837975618157, 0.9974434505552486, 1.0000000000000002, 0.9965876066578649, 0.9959420560487688, 0.9975805182487549], [0.9946947554222314, 0.9954550679855426, 0.9962907205101741, 0.9980210314299838, 0.9965876066578649, 1.0000000000000002, 0.9927528420651623, 0.9957604241434728], [0.9969084134600781, 0.9967497619906374, 0.9961666305579109, 0.9930379475091113, 0.9959420560487688, 0.9927528420651623, 1.0, 0.9973465211715946], [0.9977309887394614, 0.9976685485606213, 0.997642870616393, 0.9954986488203164, 0.9975805182487549, 0.9957604241434728, 0.9973465211715946, 1.0]], 'names': ['福音', '吉祥', '奥美', '存在', '自孕', '弥赛亚', 'Alice', '觉爱'], 'max_off_diagonal': 0.9984438354758614, 'mean_off_diagonal': 0.9965127248694744, 'frobenius_distance': 7.457225599679356, 'axis_independence': 'poor', 'degenerate_axes': ['Alice', '吉祥', '奥美', '存在', '弥赛亚', '福音', '自孕', '觉爱']}"
2026-07-13 13:55,14b4a6fb,手动输入,0.0,,,,0,0,0,0,0.0,0.0,0.0,0.0,0.0,0.0,N/A,0,0,unavailable,-1.0,0,0.0,1.0,0,0.0,0.0,0.0,0.0,-0.8973140470713481,-0.13953756376957901,0.030929827507515013,0.15055781432009538,0.08035948695479976,0.07298755914401311,0.07431626847083131,-0.10450896585802584,-7.776242883143668e-07,-4.076259654721994e-08,-2.480396809323623e-08,-6.156873723429777e-07,-7.597812653814085e-07,-2.7637188878268036e-07,2.3850732759064447e-07,4.888579624096339e-07,5.128112638608567e-11,-2.060879004476002e-11,-1.7890150688233135e-11,4.772838201038563e-11,1.0575620156750454e-11,-5.053166828616868e-12,9.808036431110449e-12,-1.2004885594093399e-11,modified_gs,"{'available': True, 'matrix': [[0.9999999999999999, 0.9984438354758614, 0.9966008376619284, 0.994851478244095, 0.9962864834252836, 0.9946947554222314, 0.9969084134600781, 0.9977309887394614], [0.9984438354758614, 1.0, 0.9980230953155962, 0.9964889754558748, 0.997199499936649, 0.9954550679855426, 0.9967497619906374, 0.9976685485606213], [0.9966008376619284, 0.9980230953155962, 1.0, 0.9973994887748472, 0.9977837975618157, 0.9962907205101741, 0.9961666305579109, 0.997642870616393], [0.994851478244095, 0.9964889754558748, 0.9973994887748472, 0.9999999999999999, 0.9974434505552486, 0.9980210314299838, 0.9930379475091113, 0.9954986488203164], [0.9962864834252836, 0.997199499936649, 0.9977837975618157, 0.9974434505552486, 1.0000000000000002, 0.9965876066578649, 0.9959420560487688, 0.9975805182487549], [0.9946947554222314, 0.9954550679855426, 0.9962907205101741, 0.9980210314299838, 0.9965876066578649, 1.0000000000000002, 0.9927528420651623, 0.9957604241434728], [0.9969084134600781, 0.9967497619906374, 0.9961666305579109, 0.9930379475091113, 0.9959420560487688, 0.9927528420651623, 1.0, 0.9973465211715946], [0.9977309887394614, 0.9976685485606213, 0.997642870616393, 0.9954986488203164, 0.9975805182487549, 0.9957604241434728, 0.9973465211715946, 1.0]], 'names': ['福音', '吉祥', '奥美', '存在', '自孕', '弥赛亚', 'Alice', '觉爱'], 'max_off_diagonal': 0.9984438354758614, 'mean_off_diagonal': 0.9965127248694744, 'frobenius_distance': 7.457225599679356, 'axis_independence': 'poor', 'degenerate_axes': ['Alice', '吉祥', '奥美', '存在', '弥赛亚', '福音', '自孕', '觉爱']}"
2026-07-13 19:43,f6db654a,手动输入,0.0,,,,0,0,0,0,0.0,0.0,0.0,0.0,0.0,0.0,N/A,0,0,unavailable,-1.0,0,0.0,1.0,0,0.0,0.0,0.0,0.0,-0.8651381945344785,-0.14144873363258637,0.021081945457381394,0.18370288301288293,0.10888512785392335,0.08276534891192465,0.06753632899870106,-0.12109434801317843,1.5409891061719162e-06,-9.153112370724858e-08,-4.7164186063858325e-07,1.5874075044438482e-06,1.3661705411457656e-06,4.682849505704758e-07,-3.2470974483382423e-07,-7.943190687333619e-07,1.110447028010672e-10,-2.4314428716488813e-12,-2.14002822100262e-11,1.0551220674266408e-10,1.0181761525513286e-10,3.5663641731472996e-11,-2.6973997721478387e-11,-6.145483865627374e-11,modified_gs,"{'available': True, 'matrix': [[0.9999999999999999, 0.9984438354758614, 0.9966008376619284, 0.994851478244095, 0.9962864834252836, 0.9946947554222314, 0.9969084134600781, 0.9977309887394614], [0.9984438354758614, 1.0, 0.9980230953155962, 0.9964889754558748, 0.997199499936649, 0.9954550679855426, 0.9967497619906374, 0.9976685485606213], [0.9966008376619284, 0.9980230953155962, 1.0, 0.9973994887748472, 0.9977837975618157, 0.9962907205101741, 0.9961666305579109, 0.997642870616393], [0.994851478244095, 0.9964889754558748, 0.9973994887748472, 0.9999999999999999, 0.9974434505552486, 0.9980210314299838, 0.9930379475091113, 0.9954986488203164], [0.9962864834252836, 0.997199499936649, 0.9977837975618157, 0.9974434505552486, 1.0000000000000002, 0.9965876066578649, 0.9959420560487688, 0.9975805182487549], [0.9946947554222314, 0.9954550679855426, 0.9962907205101741, 0.9980210314299838, 0.9965876066578649, 1.0000000000000002, 0.9927528420651623, 0.9957604241434728], [0.9969084134600781, 0.9967497619906374, 0.9961666305579109, 0.9930379475091113, 0.9959420560487688, 0.9927528420651623, 1.0, 0.9973465211715946], [0.9977309887394614, 0.9976685485606213, 0.997642870616393, 0.9954986488203164, 0.9975805182487549, 0.9957604241434728, 0.9973465211715946, 1.0]], 'names': ['福音', '吉祥', '奥美', '存在', '自孕', '弥赛亚', 'Alice', '觉爱'], 'max_off_diagonal': 0.9984438354758614, 'mean_off_diagonal': 0.9965127248694744, 'frobenius_distance': 7.457225599679356, 'axis_independence': 'poor', 'degenerate_axes': ['Alice', '吉祥', '奥美', '存在', '弥赛亚', '福音', '自孕', '觉爱']}"
2026-07-14 01:30,c38086f8,手动输入,0.0,,,,0,0,0,0,0.0,0.0,0.0,0.0,0.0,0.0,N/A,0,0,unavailable,-1.0,0,0.0,1.0,0,0.0,0.0,0.0,0.0,-0.8907174957536107,-0.14721548032311185,0.02157664429495898,0.15162339913705064,0.07733335624656726,0.07245914990291082,0.06989410124707855,-0.09864722027403232,-1.2285927578833915e-06,-2.769811090550186e-07,2.376075108441813e-08,-1.5408013388968437e-06,-1.5154549283072088e-06,-4.950143616241034e-07,1.1324554507096509e-07,1.0781521488542803e-06,-1.3283366254461908e-10,-8.89448370972518e-12,2.3760317109016853e-11,-1.5003399728252718e-10,-1.3820745656848798e-10,-4.620140586065129e-11,2.1005049875529463e-11,8.98067730257862e-11,modified_gs,"{'available': True, 'matrix': [[0.9999999999999999, 0.9984438354758614, 0.9966008376619284, 0.994851478244095, 0.9962864834252836, 0.9946947554222314, 0.9969084134600781, 0.9977309887394614], [0.9984438354758614, 1.0, 0.9980230953155962, 0.9964889754558748, 0.997199499936649, 0.9954550679855426, 0.9967497619906374, 0.9976685485606213], [0.9966008376619284, 0.9980230953155962, 1.0, 0.9973994887748472, 0.9977837975618157, 0.9962907205101741, 0.9961666305579109, 0.997642870616393], [0.994851478244095, 0.9964889754558748, 0.9973994887748472, 0.9999999999999999, 0.9974434505552486, 0.9980210314299838, 0.9930379475091113, 0.9954986488203164], [0.9962864834252836, 0.997199499936649, 0.9977837975618157, 0.9974434505552486, 1.0000000000000002, 0.9965876066578649, 0.9959420560487688, 0.9975805182487549], [0.9946947554222314, 0.9954550679855426, 0.9962907205101741, 0.9980210314299838, 0.9965876066578649, 1.0000000000000002, 0.9927528420651623, 0.9957604241434728], [0.9969084134600781, 0.9967497619906374, 0.9961666305579109, 0.9930379475091113, 0.9959420560487688, 0.9927528420651623, 1.0, 0.9973465211715946], [0.9977309887394614, 0.9976685485606213, 0.997642870616393, 0.9954986488203164, 0.9975805182487549, 0.9957604241434728, 0.9973465211715946, 1.0]], 'names': ['福音', '吉祥', '奥美', '存在', '自孕', '弥赛亚', 'Alice', '觉爱'], 'max_off_diagonal': 0.9984438354758614, 'mean_off_diagonal': 0.9965127248694744, 'frobenius_distance': 7.457225599679356, 'axis_independence': 'poor', 'degenerate_axes': ['Alice', '吉祥', '奥美', '存在', '弥赛亚', '福音', '自孕', '觉爱']}"
2026-07-14 07:18,9c198aed,手动输入,0.0,,,,0,0,0,0,0.0,0.0,0.0,0.0,0.0,0.0,N/A,0,0,unavailable,-1.0,0,0.0,1.0,0,-6.623231150931774e-05,-0.05324009055921664,-0.05169214913160207,0.6352375861259768,-0.8827181738085661,-0.1252216787301388,0.017588059630870352,0.17065638700523153,0.10842473645096636,0.07377518619881868,0.06318996195024452,-0.11740725858866434,3.8310928855577596e-07,1.053342988169207e-06,-1.9102416973604538e-07,9.115415645680502e-07,1.4890507760727536e-06,6.302855823313507e-08,-3.210794682391776e-07,-8.984692679421467e-07,7.729985834240612e-11,6.380451305631777e-11,-1.0301435051341175e-11,1.1761836467457524e-10,1.441009930158255e-10,2.6764648434399926e-11,-2.0830935890174708e-11,-9.480198641709482e-11,modified_gs,"{'available': True, 'matrix': [[0.9999999999999999, 0.9984438354758614, 0.9966008376619284, 0.994851478244095, 0.9962864834252836, 0.9946947554222314, 0.9969084134600781, 0.9977309887394614], [0.9984438354758614, 1.0, 0.9980230953155962, 0.9964889754558748, 0.997199499936649, 0.9954550679855426, 0.9967497619906374, 0.9976685485606213], [0.9966008376619284, 0.9980230953155962, 1.0, 0.9973994887748472, 0.9977837975618157, 0.9962907205101741, 0.9961666305579109, 0.997642870616393], [0.994851478244095, 0.9964889754558748, 0.9973994887748472, 0.9999999999999999, 0.9974434505552486, 0.9980210314299838, 0.9930379475091113, 0.9954986488203164], [0.9962864834252836, 0.997199499936649, 0.9977837975618157, 0.9974434505552486, 1.0000000000000002, 0.9965876066578649, 0.9959420560487688, 0.9975805182487549], [0.9946947554222314, 0.9954550679855426, 0.9962907205101741, 0.9980210314299838, 0.9965876066578649, 1.0000000000000002, 0.9927528420651623, 0.9957604241434728], [0.9969084134600781, 0.9967497619906374, 0.9961666305579109, 0.9930379475091113, 0.9959420560487688, 0.9927528420651623, 1.0, 0.9973465211715946], [0.9977309887394614, 0.9976685485606213, 0.997642870616393, 0.9954986488203164, 0.9975805182487549, 0.9957604241434728, 0.9973465211715946, 1.0]], 'names': ['福音', '吉祥', '奥美', '存在', '自孕', '弥赛亚', 'Alice', '觉爱'], 'max_off_diagonal': 0.9984438354758614, 'mean_off_diagonal': 0.9965127248694744, 'frobenius_distance': 7.457225599679356, 'axis_independence': 'poor', 'degenerate_axes': ['Alice', '吉祥', '奥美', '存在', '弥赛亚', '福音', '自孕', '觉爱']}"
2026-07-14 13:05,176da281,手动输入,0.0,,,,0,0,0,0,0.0,0.0,0.0,0.0,0.0,0.0,N/A,0,0,unavailable,-1.0,0,0.0,1.0,0,0.023132518242502426,-0.01335110982707496,-7.802300912630126e-05,0.610422527022,-0.8749698226889979,-0.14066250035260078,0.022746664217736072,0.17187259627863166,0.09768611496177516,0.07060566334071139,0.06195688701750342,-0.12143449406383205,3.721590355220065e-07,-7.41634083691737e-07,2.47771593989708e-07,5.841543099904571e-08,-5.157839331984242e-07,-1.5223452728661323e-07,-5.92255010922722e-08,-1.934310987112255e-07,-5.251919920273117e-13,-8.60900274273834e-11,2.1045360370539728e-11,-4.0917320554868325e-11,-9.615514193147136e-11,-1.0324368610059871e-11,1.255894326843671e-11,3.381478029884514e-11,modified_gs,"{'available': True, 'matrix': [[0.9999999999999999, 0.9984438354758614, 0.9966008376619284, 0.994851478244095, 0.9962864834252836, 0.9946947554222314, 0.9969084134600781, 0.9977309887394614], [0.9984438354758614, 1.0, 0.9980230953155962, 0.9964889754558748, 0.997199499936649, 0.9954550679855426, 0.9967497619906374, 0.9976685485606213], [0.9966008376619284, 0.9980230953155962, 1.0, 0.9973994887748472, 0.9977837975618157, 0.9962907205101741, 0.9961666305579109, 0.997642870616393], [0.994851478244095, 0.9964889754558748, 0.9973994887748472, 0.9999999999999999, 0.9974434505552486, 0.9980210314299838, 0.9930379475091113, 0.9954986488203164], [0.9962864834252836, 0.997199499936649, 0.9977837975618157, 0.9974434505552486, 1.0000000000000002, 0.9965876066578649, 0.9959420560487688, 0.9975805182487549], [0.9946947554222314, 0.9954550679855426, 0.9962907205101741, 0.9980210314299838, 0.9965876066578649, 1.0000000000000002, 0.9927528420651623, 0.9957604241434728], [0.9969084134600781, 0.9967497619906374, 0.9961666305579109, 0.9930379475091113, 0.9959420560487688, 0.9927528420651623, 1.0, 0.9973465211715946], [0.9977309887394614, 0.9976685485606213, 0.997642870616393, 0.9954986488203164, 0.9975805182487549, 0.9957604241434728, 0.9973465211715946, 1.0]], 'names': ['福音', '吉祥', '奥美', '存在', '自孕', '弥赛亚', 'Alice', '觉爱'], 'max_off_diagonal': 0.9984438354758614, 'mean_off_diagonal': 0.9965127248694744, 'frobenius_distance': 7.457225599679356, 'axis_independence': 'poor', 'degenerate_axes': ['Alice', '吉祥', '奥美', '存在', '弥赛亚', '福音', '自孕', '觉爱']}"
2026-07-14 18:53,95e47441,手动输入,0.0,,,,0,0,0,0,0.0,0.0,0.0,0.0,0.0,0.0,N/A,0,0,unavailable,-1.0,0,0.0,1.0,0,0.050294101159946675,-0.03225944223668358,-0.005585817025637012,0.7853925770678108,-0.8602857701277415,-0.13757097197682466,0.031239638982431,0.19119761792986592,0.10895326415631347,0.07801279826392805,0.0685335754275289,-0.1279470774451491,7.032592222823936e-07,1.4806170382069515e-07,4.0675166497581077e-07,9.255278568598783e-07,5.396144250257809e-07,3.5474784115022344e-07,3.1497549856443883e-07,-3.119053343542648e-07,1.5880104880594104e-11,4.267126079196317e-11,7.624943452570877e-12,4.158812594056751e-11,5.061862629372687e-11,2.4315701124068904e-11,1.794729015140101e-11,-5.682217536836418e-12,modified_gs,"{'available': True, 'matrix': [[0.9999999999999999, 0.9984438354758614, 0.9966008376619284, 0.994851478244095, 0.9962864834252836, 0.9946947554222314, 0.9969084134600781, 0.9977309887394614], [0.9984438354758614, 1.0, 0.9980230953155962, 0.9964889754558748, 0.997199499936649, 0.9954550679855426, 0.9967497619906374, 0.9976685485606213], [0.9966008376619284, 0.9980230953155962, 1.0, 0.9973994887748472, 0.9977837975618157, 0.9962907205101741, 0.9961666305579109, 0.997642870616393], [0.994851478244095, 0.9964889754558748, 0.9973994887748472, 0.9999999999999999, 0.9974434505552486, 0.9980210314299838, 0.9930379475091113, 0.9954986488203164], [0.9962864834252836, 0.997199499936649, 0.9977837975618157, 0.9974434505552486, 1.0000000000000002, 0.9965876066578649, 0.9959420560487688, 0.9975805182487549], [0.9946947554222314, 0.9954550679855426, 0.9962907205101741, 0.9980210314299838, 0.9965876066578649, 1.0000000000000002, 0.9927528420651623, 0.9957604241434728], [0.9969084134600781, 0.9967497619906374, 0.9961666305579109, 0.9930379475091113, 0.9959420560487688, 0.9927528420651623, 1.0, 0.9973465211715946], [0.9977309887394614, 0.9976685485606213, 0.997642870616393, 0.9954986488203164, 0.9975805182487549, 0.9957604241434728, 0.9973465211715946, 1.0]], 'names': ['福音', '吉祥', '奥美', '存在', '自孕', '弥赛亚', 'Alice', '觉爱'], 'max_off_diagonal': 0.9984438354758614, 'mean_off_diagonal': 0.9965127248694744, 'frobenius_distance': 7.457225599679356, 'axis_independence': 'poor', 'degenerate_axes': ['Alice', '吉祥', '奥美', '存在', '弥赛亚', '福音', '自孕', '觉爱']}"
2026-07-15 00:41,0a315311,手动输入,0.0,,,,0,0,0,0,0.0,0.0,0.0,0.0,0.0,0.0,N/A,0,0,unavailable,-1.0,0,0.0,1.0,0,0.03014715462754286,-0.03057819436514848,-0.012618322738918022,0.9402651014944998,-0.8714962094303258,-0.13150903663754793,0.020698301072889905,0.18150242017711574,0.10372377837893411,0.0803394666130668,0.06564260490887454,-0.1260635780896498,-5.368984340318128e-07,2.903225737201502e-07,-5.048533481580985e-07,-4.643293942888019e-07,-2.504542996829196e-07,1.1143047649131943e-07,-1.3845644246428938e-07,9.02059078304266e-08,-5.939452376983747e-11,6.813260052655894e-12,-4.3659243924037805e-11,-6.65640445952433e-11,-3.783854045539753e-11,-1.1653130491326821e-11,-2.1716089129728362e-11,1.9258201254056103e-11,modified_gs,"{'available': True, 'matrix': [[0.9999999999999999, 0.9984438354758614, 0.9966008376619284, 0.994851478244095, 0.9962864834252836, 0.9946947554222314, 0.9969084134600781, 0.9977309887394614], [0.9984438354758614, 1.0, 0.9980230953155962, 0.9964889754558748, 0.997199499936649, 0.9954550679855426, 0.9967497619906374, 0.9976685485606213], [0.9966008376619284, 0.9980230953155962, 1.0, 0.9973994887748472, 0.9977837975618157, 0.9962907205101741, 0.9961666305579109, 0.997642870616393], [0.994851478244095, 0.9964889754558748, 0.9973994887748472, 0.9999999999999999, 0.9974434505552486, 0.9980210314299838, 0.9930379475091113, 0.9954986488203164], [0.9962864834252836, 0.997199499936649, 0.9977837975618157, 0.9974434505552486, 1.0000000000000002, 0.9965876066578649, 0.9959420560487688, 0.9975805182487549], [0.9946947554222314, 0.9954550679855426, 0.9962907205101741, 0.9980210314299838, 0.9965876066578649, 1.0000000000000002, 0.9927528420651623, 0.9957604241434728], [0.9969084134600781, 0.9967497619906374, 0.9961666305579109, 0.9930379475091113, 0.9959420560487688, 0.9927528420651623, 1.0, 0.9973465211715946], [0.9977309887394614, 0.9976685485606213, 0.997642870616393, 0.9954986488203164, 0.9975805182487549, 0.9957604241434728, 0.9973465211715946, 1.0]], 'names': ['福音', '吉祥', '奥美', '存在', '自孕', '弥赛亚', 'Alice', '觉爱'], 'max_off_diagonal': 0.9984438354758614, 'mean_off_diagonal': 0.9965127248694744, 'frobenius_distance': 7.457225599679356, 'axis_independence': 'poor', 'degenerate_axes': ['Alice', '吉祥', '奥美', '存在', '弥赛亚', '福音', '自孕', '觉爱']}"
2026-07-15 06:28,4a54d5aa,手动输入,0.0,,,,0,0,0,0,0.0,0.0,0.0,0.0,0.0,0.0,N/A,0,0,unavailable,-1.0,0,0.0,1.0,0,-0.01952477804204142,-0.00585985917361048,-0.005046322695542532,0.8191301888600196,-0.8871144667750948,-0.13065184091877158,0.037271764198977694,0.17089073050512643,0.09123042654770462,0.0675256630706939,0.05787442254437093,-0.10994002089472023,-7.501564526786244e-07,4.1171744417692074e-08,7.960356928956671e-07,-5.0968730413013e-07,-6.000649294538659e-07,-6.154564621696882e-07,-3.731115448848994e-07,7.744263782386921e-07,-1.0228202333180414e-11,-1.1949680062468015e-11,6.239275976277053e-11,-2.175439320927004e-12,-1.67678959122756e-11,-3.486268290940085e-11,-1.1254441363098804e-11,3.281632951598396e-11,modified_gs,"{'available': True, 'matrix': [[0.9999999999999999, 0.9984438354758614, 0.9966008376619284, 0.994851478244095, 0.9962864834252836, 0.9946947554222314, 0.9969084134600781, 0.9977309887394614], [0.9984438354758614, 1.0, 0.9980230953155962, 0.9964889754558748, 0.997199499936649, 0.9954550679855426, 0.9967497619906374, 0.9976685485606213], [0.9966008376619284, 0.9980230953155962, 1.0, 0.9973994887748472, 0.9977837975618157, 0.9962907205101741, 0.9961666305579109, 0.997642870616393], [0.994851478244095, 0.9964889754558748, 0.9973994887748472, 0.9999999999999999, 0.9974434505552486, 0.9980210314299838, 0.9930379475091113, 0.9954986488203164], [0.9962864834252836, 0.997199499936649, 0.9977837975618157, 0.9974434505552486, 1.0000000000000002, 0.9965876066578649, 0.9959420560487688, 0.9975805182487549], [0.9946947554222314, 0.9954550679855426, 0.9962907205101741, 0.9980210314299838, 0.9965876066578649, 1.0000000000000002, 0.9927528420651623, 0.9957604241434728], [0.9969084134600781, 0.9967497619906374, 0.9961666305579109, 0.9930379475091113, 0.9959420560487688, 0.9927528420651623, 1.0, 0.9973465211715946], [0.9977309887394614, 0.9976685485606213, 0.997642870616393, 0.9954986488203164, 0.9975805182487549, 0.9957604241434728, 0.9973465211715946, 1.0]], 'names': ['福音', '吉祥', '奥美', '存在', '自孕', '弥赛亚', 'Alice', '觉爱'], 'max_off_diagonal': 0.9984438354758614, 'mean_off_diagonal': 0.9965127248694744, 'frobenius_distance': 7.457225599679356, 'axis_independence': 'poor', 'degenerate_axes': ['Alice', '吉祥', '奥美', '存在', '弥赛亚', '福音', '自孕', '觉爱']}"
2026-07-15 12:16,009dac53,手动输入,0.0,,,,0,0,0,0,0.0,0.0,0.0,0.0,0.0,0.0,N/A,0,0,unavailable,-1.0,0,0.0,1.0,0,-0.0017362003196742526,-0.03552829540770823,-0.05373438369390645,0.6861470147435594,-0.8772798386846952,-0.13396314692010108,0.03756803877428579,0.1738016945601163,0.10306791343659608,0.07005195108402287,0.06065316426929705,-0.1172550352194704,4.710070924520876e-07,-1.5858745217095334e-07,1.4189395369161826e-08,1.3941398730794358e-07,5.66929448701698e-07,1.209908052360622e-07,1.3308150023592532e-07,-3.5033593509339875e-07,5.856899497029794e-11,-9.580776814803137e-12,-3.74986233825662e-11,3.113195642388842e-11,5.597095338875606e-11,3.5321211865983237e-11,2.427784389068704e-11,-5.3945434692186616e-11,modified_gs,"{'available': True, 'matrix': [[0.9999999999999999, 0.9984438354758614, 0.9966008376619284, 0.994851478244095, 0.9962864834252836, 0.9946947554222314, 0.9969084134600781, 0.9977309887394614], [0.9984438354758614, 1.0, 0.9980230953155962, 0.9964889754558748, 0.997199499936649, 0.9954550679855426, 0.9967497619906374, 0.9976685485606213], [0.9966008376619284, 0.9980230953155962, 1.0, 0.9973994887748472, 0.9977837975618157, 0.9962907205101741, 0.9961666305579109, 0.997642870616393], [0.994851478244095, 0.9964889754558748, 0.9973994887748472, 0.9999999999999999, 0.9974434505552486, 0.9980210314299838, 0.9930379475091113, 0.9954986488203164], [0.9962864834252836, 0.997199499936649, 0.9977837975618157, 0.9974434505552486, 1.0000000000000002, 0.9965876066578649, 0.9959420560487688, 0.9975805182487549], [0.9946947554222314, 0.9954550679855426, 0.9962907205101741, 0.9980210314299838, 0.9965876066578649, 1.0000000000000002, 0.9927528420651623, 0.9957604241434728], [0.9969084134600781, 0.9967497619906374, 0.9961666305579109, 0.9930379475091113, 0.9959420560487688, 0.9927528420651623, 1.0, 0.9973465211715946], [0.9977309887394614, 0.9976685485606213, 0.997642870616393, 0.9954986488203164, 0.9975805182487549, 0.9957604241434728, 0.9973465211715946, 1.0]], 'names': ['福音', '吉祥', '奥美', '存在', '自孕', '弥赛亚', 'Alice', '觉爱'], 'max_off_diagonal': 0.9984438354758614, 'mean_off_diagonal': 0.9965127248694744, 'frobenius_distance': 7.457225599679356, 'axis_independence': 'poor', 'degenerate_axes': ['Alice', '吉祥', '奥美', '存在', '弥赛亚', '福音', '自孕', '觉爱']}"
2026-07-15 18:03,f6276dd4,手动输入,0.0,,,,0,0,0,0,0.0,0.0,0.0,0.0,0.0,0.0,N/A,0,0,unavailable,-1.0,0,0.0,1.0,0,0.07216295074354877,-0.012914546014486586,-0.025812926135958814,0.7912763483615693,-0.8496542696976206,-0.144177614926256,0.030005140824528015,0.1945120555996231,0.11809771351809784,0.07780869377259664,0.07063921134846544,-0.12740935280823754,1.3268765123474822e-06,-4.906084537058076e-07,-3.6325158260123817e-07,9.947339596304899e-07,7.218924150577214e-07,3.725620887883653e-07,4.796372276257633e-07,-4.877193846670097e-07,4.1048893040546504e-11,-1.592426865874601e-11,-1.8102684794743406e-11,4.102254063897104e-11,7.432276563838054e-12,1.2065768995314297e-11,1.6621377812462255e-11,-6.589134272115631e-12,modified_gs,"{'available': True, 'matrix': [[0.9999999999999999, 0.9984438354758614, 0.9966008376619284, 0.994851478244095, 0.9962864834252836, 0.9946947554222314, 0.9969084134600781, 0.9977309887394614], [0.9984438354758614, 1.0, 0.9980230953155962, 0.9964889754558748, 0.997199499936649, 0.9954550679855426, 0.9967497619906374, 0.9976685485606213], [0.9966008376619284, 0.9980230953155962, 1.0, 0.9973994887748472, 0.9977837975618157, 0.9962907205101741, 0.9961666305579109, 0.997642870616393], [0.994851478244095, 0.9964889754558748, 0.9973994887748472, 0.9999999999999999, 0.9974434505552486, 0.9980210314299838, 0.9930379475091113, 0.9954986488203164], [0.9962864834252836, 0.997199499936649, 0.9977837975618157, 0.9974434505552486, 1.0000000000000002, 0.9965876066578649, 0.9959420560487688, 0.9975805182487549], [0.9946947554222314, 0.9954550679855426, 0.9962907205101741, 0.9980210314299838, 0.9965876066578649, 1.0000000000000002, 0.9927528420651623, 0.9957604241434728], [0.9969084134600781, 0.9967497619906374, 0.9961666305579109, 0.9930379475091113, 0.9959420560487688, 0.9927528420651623, 1.0, 0.9973465211715946], [0.9977309887394614, 0.9976685485606213, 0.997642870616393, 0.9954986488203164, 0.9975805182487549, 0.9957604241434728, 0.9973465211715946, 1.0]], 'names': ['福音', '吉祥', '奥美', '存在', '自孕', '弥赛亚', 'Alice', '觉爱'], 'max_off_diagonal': 0.9984438354758614, 'mean_off_diagonal': 0.9965127248694744, 'frobenius_distance': 7.457225599679356, 'axis_independence': 'poor', 'degenerate_axes': ['Alice', '吉祥', '奥美', '存在', '弥赛亚', '福音', '自孕', '觉爱']}"
2026-07-15 23:51,2f923e88,手动输入,0.0,,,,0,0,0,0,0.0,0.0,0.0,0.0,0.0,0.0,N/A,0,0,unavailable,-1.0,0,0.0,1.0,0,-0.008325789666319139,-0.02644536267753949,-0.04782325999794326,0.8304443026756437,-0.880395542694309,-0.1359382323441369,0.03860804594240912,0.1734293649977326,0.0967905749265148,0.06765676470057203,0.0606448230560821,-0.11421872778927646,-1.47228318949657e-06,3.9460644550378797e-07,4.120165286341524e-07,-1.0097074043051004e-06,-1.0204568290988045e-06,-4.86203499618037e-07,-4.786584431218078e-07,6.317349147012011e-07,-1.3425226387741257e-10,4.2456350081994996e-11,3.718312284102592e-11,-9.613627644775014e-11,-8.356591099072066e-11,-4.118779800510323e-11,-4.5961423057437466e-11,5.3690853686724736e-11,modified_gs,"{'available': True, 'matrix': [[0.9999999999999999, 0.9984438354758614, 0.9966008376619284, 0.994851478244095, 0.9962864834252836, 0.9946947554222314, 0.9969084134600781, 0.9977309887394614], [0.9984438354758614, 1.0, 0.9980230953155962, 0.9964889754558748, 0.997199499936649, 0.9954550679855426, 0.9967497619906374, 0.9976685485606213], [0.9966008376619284, 0.9980230953155962, 1.0, 0.9973994887748472, 0.9977837975618157, 0.9962907205101741, 0.9961666305579109, 0.997642870616393], [0.994851478244095, 0.9964889754558748, 0.9973994887748472, 0.9999999999999999, 0.9974434505552486, 0.9980210314299838, 0.9930379475091113, 0.9954986488203164], [0.9962864834252836, 0.997199499936649, 0.9977837975618157, 0.9974434505552486, 1.0000000000000002, 0.9965876066578649, 0.9959420560487688, 0.9975805182487549], [0.9946947554222314, 0.9954550679855426, 0.9962907205101741, 0.9980210314299838, 0.9965876066578649, 1.0000000000000002, 0.9927528420651623, 0.9957604241434728], [0.9969084134600781, 0.9967497619906374, 0.9961666305579109, 0.9930379475091113, 0.9959420560487688, 0.9927528420651623, 1.0, 0.9973465211715946], [0.9977309887394614, 0.9976685485606213, 0.997642870616393, 0.9954986488203164, 0.9975805182487549, 0.9957604241434728, 0.9973465211715946, 1.0]], 'names': ['福音', '吉祥', '奥美', '存在', '自孕', '弥赛亚', 'Alice', '觉爱'], 'max_off_diagonal': 0.9984438354758614, 'mean_off_diagonal': 0.9965127248694744, 'frobenius_distance': 7.457225599679356, 'axis_independence': 'poor', 'degenerate_axes': ['Alice', '吉祥', '奥美', '存在', '弥赛亚', '福音', '自孕', '觉爱']}"
2026-07-16 05:38,12f12613,手动输入,0.0,,,,0,0,0,0,0.0,0.0,0.0,0.0,0.0,0.0,N/A,0,0,unavailable,-1.0,0,0.0,1.0,0,0.05909790585002571,-0.02131325705406479,-0.034017278597900685,0.9238095366246266,-0.8544210119182561,-0.14250630557095542,0.032078056043044825,0.19065452790354487,0.1160682001988035,0.07316198238872793,0.06732269356020293,-0.1288159521858628,1.2475759258430753e-06,-3.1546941531308916e-07,-3.1364024492623877e-07,8.273373153608201e-07,9.259186009744812e-07,2.644196776251633e-07,3.2074305975604375e-07,-7.011154849465107e-07,1.3044887843355613e-10,-3.4056396202248306e-11,-3.480368218515066e-11,8.810766041563167e-11,9.335133957186024e-11,3.600111161837891e-11,3.834059965841014e-11,-6.392567864017802e-11,modified_gs,"{'available': True, 'matrix': [[0.9999999999999999, 0.9984438354758614, 0.9966008376619284, 0.994851478244095, 0.9962864834252836, 0.9946947554222314, 0.9969084134600781, 0.9977309887394614], [0.9984438354758614, 1.0, 0.9980230953155962, 0.9964889754558748, 0.997199499936649, 0.9954550679855426, 0.9967497619906374, 0.9976685485606213], [0.9966008376619284, 0.9980230953155962, 1.0, 0.9973994887748472, 0.9977837975618157, 0.9962907205101741, 0.9961666305579109, 0.997642870616393], [0.994851478244095, 0.9964889754558748, 0.9973994887748472, 0.9999999999999999, 0.9974434505552486, 0.9980210314299838, 0.9930379475091113, 0.9954986488203164], [0.9962864834252836, 0.997199499936649, 0.9977837975618157, 0.9974434505552486, 1.0000000000000002, 0.9965876066578649, 0.9959420560487688, 0.9975805182487549], [0.9946947554222314, 0.9954550679855426, 0.9962907205101741, 0.9980210314299838, 0.9965876066578649, 1.0000000000000002, 0.9927528420651623, 0.9957604241434728], [0.9969084134600781, 0.9967497619906374, 0.9961666305579109, 0.9930379475091113, 0.9959420560487688, 0.9927528420651623, 1.0, 0.9973465211715946], [0.9977309887394614, 0.9976685485606213, 0.997642870616393, 0.9954986488203164, 0.9975805182487549, 0.9957604241434728, 0.9973465211715946, 1.0]], 'names': ['福音', '吉祥', '奥美', '存在', '自孕', '弥赛亚', 'Alice', '觉爱'], 'max_off_diagonal': 0.9984438354758614, 'mean_off_diagonal': 0.9965127248694744, 'frobenius_distance': 7.457225599679356, 'axis_independence': 'poor', 'degenerate_axes': ['Alice', '吉祥', '奥美', '存在', '弥赛亚', '福音', '自孕', '觉爱']}"
2026-07-16 11:26,4dc25c47,手动输入,0.0,,,,0,0,0,0,0.0,0.0,0.0,0.0,0.0,0.0,N/A,0,0,unavailable,-1.0,0,0.0,1.0,0,-0.07436863634564048,-0.04074154850913719,-0.04421080399747143,0.9649362728913214,-0.9021076254659065,-0.11537020679125877,0.03502710288175932,0.14649107284456642,0.0767349744734107,0.067633354020162,0.059726478767812737,-0.10865310334643903,-2.2838416450024117e-06,1.2996215890659316e-06,1.4123787541736099e-07,-2.1151080009089296e-06,-1.8837751784191954e-06,-2.6478105213438323e-07,-3.638033904401433e-07,9.656536800490316e-07,-1.6937254536429194e-10,7.746239829155975e-11,2.1816696419357304e-11,-1.411244756004676e-10,-1.3475749541456482e-10,-2.538132996448664e-11,-3.2831964038186426e-11,7.994096714606917e-11,modified_gs,"{'available': True, 'matrix': [[0.9999999999999999, 0.9984438354758614, 0.9966008376619284, 0.994851478244095, 0.9962864834252836, 0.9946947554222314, 0.9969084134600781, 0.9977309887394614], [0.9984438354758614, 1.0, 0.9980230953155962, 0.9964889754558748, 0.997199499936649, 0.9954550679855426, 0.9967497619906374, 0.9976685485606213], [0.9966008376619284, 0.9980230953155962, 1.0, 0.9973994887748472, 0.9977837975618157, 0.9962907205101741, 0.9961666305579109, 0.997642870616393], [0.994851478244095, 0.9964889754558748, 0.9973994887748472, 0.9999999999999999, 0.9974434505552486, 0.9980210314299838, 0.9930379475091113, 0.9954986488203164], [0.9962864834252836, 0.997199499936649, 0.9977837975618157, 0.9974434505552486, 1.0000000000000002, 0.9965876066578649, 0.9959420560487688, 0.9975805182487549], [0.9946947554222314, 0.9954550679855426, 0.9962907205101741, 0.9980210314299838, 0.9965876066578649, 1.0000000000000002, 0.9927528420651623, 0.9957604241434728], [0.9969084134600781, 0.9967497619906374, 0.9961666305579109, 0.9930379475091113, 0.9959420560487688, 0.9927528420651623, 1.0, 0.9973465211715946], [0.9977309887394614, 0.9976685485606213, 0.997642870616393, 0.9954986488203164, 0.9975805182487549, 0.9957604241434728, 0.9973465211715946, 1.0]], 'names': ['福音', '吉祥', '奥美', '存在', '自孕', '弥赛亚', 'Alice', '觉爱'], 'max_off_diagonal': 0.9984438354758614, 'mean_off_diagonal': 0.9965127248694744, 'frobenius_distance': 7.457225599679356, 'axis_independence': 'poor', 'degenerate_axes': ['Alice', '吉祥', '奥美', '存在', '弥赛亚', '福音', '自孕', '觉爱']}"
2026-07-12 03:10,97c21308,手动输入,0.0,,,,0,0,0,0,0.0,0.0,0.0,0.0,0.0,0.0,N/A,0,0,unavailable,-1.0,0,0.0,1.0,0,0.0,0.0,0.0,0.0,-0.7045166525879168,-0.23112238974300953,0.029967945397597246,0.0982809895657667,0.1048000869385319,0.09693017607751277,0.06623753457334342,-0.202029331370696,,,,,,,,,,,,,,,,,modified_gs,"{""available"": true, ""matrix"": [[1.0000000000000002, 0.9953456889114438, 0.9896409880395172, 0.9841276233987386, 0.9894053318085747, 0.9850560654156586, 0.9910948867237911, 0.993302997928492], [0.9953456889114438, 1.0, 0.9924779221289182, 0.9879984983617975, 0.9915245400819723, 0.9860790000989741, 0.9910961625795819, 0.9926979488028383], [0.9896409880395172, 0.9924779221289182, 1.0, 0.9920881716222256, 0.9928800454814197, 0.9899072737438103, 0.9878787094078577, 0.9914418730282781], [0.9841276233987386, 0.9879984983617975, 0.9920881716222256, 1.0, 0.9911683276686752, 0.9935766625306255, 0.9775610455830639, 0.98541775306787], [0.9894053318085747, 0.9915245400819723, 0.9928800454814197, 0.9911683276686752, 1.0, 0.9897220441110605, 0.9866143954559805, 0.9918083251468133], [0.9850560654156586, 0.9860790000989741, 0.9899072737438103, 0.9935766625306255, 0.9897220441110605, 1.0, 0.9778712352354452, 0.9878622666235695], [0.9910948867237911, 0.9910961625795819, 0.9878787094078577, 0.9775610455830639, 0.9866143954559805, 0.9778712352354452, 1.0, 0.9907031459312727], [0.993302997928492, 0.9926979488028383, 0.9914418730282781, 0.98541775306787, 0.9918083251468133, 0.9878622666235695, 0.9907031459312727, 1.0]], ""names"": [""福音"", ""吉祥"", ""奥美"", ""存在"", ""自孕"", ""弥赛亚"", ""Alice"", ""觉爱""], ""max_off_diagonal"": 0.9953456889114438, ""mean_off_diagonal"": 0.9891553188899381, ""frobenius_distance"": 7.402227151965435, ""axis_independence"": ""poor"", ""degenerate_axes"": [""Alice"", ""吉祥"", ""奥美"", ""存在"", ""弥赛亚"", ""福音"", ""自孕"", ""觉爱""]}"
2026-07-12 08:57,c32f1b5f,手动输入,0.0,,,,0,0,0,0,0.0,0.0,0.0,0.0,0.0,0.0,N/A,0,0,unavailable,-1.0,0,0.0,1.0,0,0.0,0.0,0.0,0.0,-0.7039759860418862,-0.21683663403013242,0.015027438736735323,0.10276479156903312,0.0861510508267681,0.1038183357561871,0.046971085668204716,-0.22172325164329296,2.5968614122511436e-08,6.861554136828579e-07,-7.176035860164228e-07,2.1536032676591854e-07,-8.957269986437944e-07,3.308434043551551e-07,-9.253817917934054e-07,-9.45913557761621e-07,,,,,,,,,modified_gs,"{""available"": true, ""matrix"": [[1.0000000000000002, 0.9953456889114438, 0.9896409880395172, 0.9841276233987386, 0.9894053318085747, 0.9850560654156586, 0.9910948867237911, 0.993302997928492], [0.9953456889114438, 1.0, 0.9924779221289182, 0.9879984983617975, 0.9915245400819723, 0.9860790000989741, 0.9910961625795819, 0.9926979488028383], [0.9896409880395172, 0.9924779221289182, 1.0, 0.9920881716222256, 0.9928800454814197, 0.9899072737438103, 0.9878787094078577, 0.9914418730282781], [0.9841276233987386, 0.9879984983617975, 0.9920881716222256, 1.0, 0.9911683276686752, 0.9935766625306255, 0.9775610455830639, 0.98541775306787], [0.9894053318085747, 0.9915245400819723, 0.9928800454814197, 0.9911683276686752, 1.0, 0.9897220441110605, 0.9866143954559805, 0.9918083251468133], [0.9850560654156586, 0.9860790000989741, 0.9899072737438103, 0.9935766625306255, 0.9897220441110605, 1.0, 0.9778712352354452, 0.9878622666235695], [0.9910948867237911, 0.9910961625795819, 0.9878787094078577, 0.9775610455830639, 0.9866143954559805, 0.9778712352354452, 1.0, 0.9907031459312727], [0.993302997928492, 0.9926979488028383, 0.9914418730282781, 0.98541775306787, 0.9918083251468133, 0.9878622666235695, 0.9907031459312727, 1.0]], ""names"": [""福音"", ""吉祥"", ""奥美"", ""存在"", ""自孕"", ""弥赛亚"", ""Alice"", ""觉爱""], ""max_off_diagonal"": 0.9953456889114438, ""mean_off_diagonal"": 0.9891553188899381, ""frobenius_distance"": 7.402227151965435, ""axis_independence"": ""poor"", ""degenerate_axes"": [""Alice"", ""吉祥"", ""奥美"", ""存在"", ""弥赛亚"", ""福音"", ""自孕"", ""觉爱""]}"
2026-07-12 14:45,3fa94212,手动输入,0.0,,,,0,0,0,0,0.0,0.0,0.0,0.0,0.0,0.0,N/A,0,0,unavailable,-1.0,0,0.0,1.0,0,0.0,0.0,0.0,0.0,-0.7273165510533969,-0.20111496121799038,0.0039897141017209425,0.1224737406250439,0.07480740664100477,0.09679154383949264,0.012408573237548536,-0.24202047176106267,-1.1178431518922758e-06,7.529536787424349e-07,-5.286266587650565e-07,9.439151846748459e-07,-5.432779782453704e-07,-3.365321799183171e-07,-1.6552927409318095e-06,-9.720890861000822e-07,-5.485907750670442e-11,3.2037537198837894e-12,9.06364159478975e-12,3.494267903639939e-11,1.69040297553201e-11,-3.20084213080802e-11,-3.500771938313689e-11,-1.2554210234273983e-12,modified_gs,"{""available"": true, ""matrix"": [[1.0000000000000002, 0.9953456889114438, 0.9896409880395172, 0.9841276233987386, 0.9894053318085747, 0.9850560654156586, 0.9910948867237911, 0.993302997928492], [0.9953456889114438, 1.0, 0.9924779221289182, 0.9879984983617975, 0.9915245400819723, 0.9860790000989741, 0.9910961625795819, 0.9926979488028383], [0.9896409880395172, 0.9924779221289182, 1.0, 0.9920881716222256, 0.9928800454814197, 0.9899072737438103, 0.9878787094078577, 0.9914418730282781], [0.9841276233987386, 0.9879984983617975, 0.9920881716222256, 1.0, 0.9911683276686752, 0.9935766625306255, 0.9775610455830639, 0.98541775306787], [0.9894053318085747, 0.9915245400819723, 0.9928800454814197, 0.9911683276686752, 1.0, 0.9897220441110605, 0.9866143954559805, 0.9918083251468133], [0.9850560654156586, 0.9860790000989741, 0.9899072737438103, 0.9935766625306255, 0.9897220441110605, 1.0, 0.9778712352354452, 0.9878622666235695], [0.9910948867237911, 0.9910961625795819, 0.9878787094078577, 0.9775610455830639, 0.9866143954559805, 0.9778712352354452, 1.0, 0.9907031459312727], [0.993302997928492, 0.9926979488028383, 0.9914418730282781, 0.98541775306787, 0.9918083251468133, 0.9878622666235695, 0.9907031459312727, 1.0]], ""names"": [""福音"", ""吉祥"", ""奥美"", ""存在"", ""自孕"", ""弥赛亚"", ""Alice"", ""觉爱""], ""max_off_diagonal"": 0.9953456889114438, ""mean_off_diagonal"": 0.9891553188899381, ""frobenius_distance"": 7.402227151965435, ""axis_independence"": ""poor"", ""degenerate_axes"": [""Alice"", ""吉祥"", ""奥美"", ""存在"", ""弥赛亚"", ""福音"", ""自孕"", ""觉爱""]}"
2026-07-12 20:32,dfef1bdc,手动输入,0.0,,,,0,0,0,0,0.0,0.0,0.0,0.0,0.0,0.0,N/A,0,0,unavailable,-1.0,0,0.0,1.0,0,0.0,0.0,0.0,0.0,-0.674734438237564,-0.22249626778100617,0.025338850467296045,0.12075140898286674,0.11649075674770559,0.10614886268628972,0.05088686898260304,-0.2369348403300045,2.5255577721341456e-06,-1.0269599694051772e-06,1.025414811026662e-06,-8.272486273665543e-08,2.002082137689761e-06,4.4943894557142554e-07,1.8481410060064606e-06,2.442666393399697e-07,1.7474344959359337e-10,-8.536756106223559e-11,7.453436305955485e-11,-4.923933081110318e-11,1.220796218673924e-10,3.7696456858021227e-11,1.6803039553660767e-10,5.833840409784422e-11,modified_gs,"{""available"": true, ""matrix"": [[1.0000000000000002, 0.9953456889114438, 0.9896409880395172, 0.9841276233987386, 0.9894053318085747, 0.9850560654156586, 0.9910948867237911, 0.993302997928492], [0.9953456889114438, 1.0, 0.9924779221289182, 0.9879984983617975, 0.9915245400819723, 0.9860790000989741, 0.9910961625795819, 0.9926979488028383], [0.9896409880395172, 0.9924779221289182, 1.0, 0.9920881716222256, 0.9928800454814197, 0.9899072737438103, 0.9878787094078577, 0.9914418730282781], [0.9841276233987386, 0.9879984983617975, 0.9920881716222256, 1.0, 0.9911683276686752, 0.9935766625306255, 0.9775610455830639, 0.98541775306787], [0.9894053318085747, 0.9915245400819723, 0.9928800454814197, 0.9911683276686752, 1.0, 0.9897220441110605, 0.9866143954559805, 0.9918083251468133], [0.9850560654156586, 0.9860790000989741, 0.9899072737438103, 0.9935766625306255, 0.9897220441110605, 1.0, 0.9778712352354452, 0.9878622666235695], [0.9910948867237911, 0.9910961625795819, 0.9878787094078577, 0.9775610455830639, 0.9866143954559805, 0.9778712352354452, 1.0, 0.9907031459312727], [0.993302997928492, 0.9926979488028383, 0.9914418730282781, 0.98541775306787, 0.9918083251468133, 0.9878622666235695, 0.9907031459312727, 1.0]], ""names"": [""福音"", ""吉祥"", ""奥美"", ""存在"", ""自孕"", ""弥赛亚"", ""Alice"", ""觉爱""], ""max_off_diagonal"": 0.9953456889114438, ""mean_off_diagonal"": 0.9891553188899381, ""frobenius_distance"": 7.402227151965435, ""axis_independence"": ""poor"", ""degenerate_axes"": [""Alice"", ""吉祥"", ""奥美"", ""存在"", ""弥赛亚"", ""福音"", ""自孕"", ""觉爱""]}"
2026-07-13 02:20,3482f71f,手动输入,0.0,,,,0,0,0,0,0.0,0.0,0.0,0.0,0.0,0.0,N/A,0,0,unavailable,-1.0,0,0.0,1.0,0,0.0,0.0,0.0,0.0,-0.6491362590971217,-0.21815768933543556,0.017884413564053965,0.1261651095943739,0.11997864039171299,0.11994329690552255,0.027726473825192662,-0.23885600161703419,1.2259664339292274e-06,2.077863240215813e-07,-3.570132616495249e-07,2.592768492101136e-07,1.670442358241092e-07,6.606529798483159e-07,-1.109214327462183e-06,-9.200964018341391e-08,-6.233051981798168e-11,5.922044572790208e-11,-6.630350468470921e-11,1.6402959805600435e-11,-8.801141016142215e-11,1.013016950968299e-11,-1.4183958433902366e-10,-1.6128358730138302e-11,modified_gs,"{""available"": true, ""matrix"": [[1.0000000000000002, 0.9953456889114438, 0.9896409880395172, 0.9841276233987386, 0.9894053318085747, 0.9850560654156586, 0.9910948867237911, 0.993302997928492], [0.9953456889114438, 1.0, 0.9924779221289182, 0.9879984983617975, 0.9915245400819723, 0.9860790000989741, 0.9910961625795819, 0.9926979488028383], [0.9896409880395172, 0.9924779221289182, 1.0, 0.9920881716222256, 0.9928800454814197, 0.9899072737438103, 0.9878787094078577, 0.9914418730282781], [0.9841276233987386, 0.9879984983617975, 0.9920881716222256, 1.0, 0.9911683276686752, 0.9935766625306255, 0.9775610455830639, 0.98541775306787], [0.9894053318085747, 0.9915245400819723, 0.9928800454814197, 0.9911683276686752, 1.0, 0.9897220441110605, 0.9866143954559805, 0.9918083251468133], [0.9850560654156586, 0.9860790000989741, 0.9899072737438103, 0.9935766625306255, 0.9897220441110605, 1.0, 0.9778712352354452, 0.9878622666235695], [0.9910948867237911, 0.9910961625795819, 0.9878787094078577, 0.9775610455830639, 0.9866143954559805, 0.9778712352354452, 1.0, 0.9907031459312727], [0.993302997928492, 0.9926979488028383, 0.9914418730282781, 0.98541775306787, 0.9918083251468133, 0.9878622666235695, 0.9907031459312727, 1.0]], ""names"": [""福音"", ""吉祥"", ""奥美"", ""存在"", ""自孕"", ""弥赛亚"", ""Alice"", ""觉爱""], ""max_off_diagonal"": 0.9953456889114438, ""mean_off_diagonal"": 0.9891553188899381, ""frobenius_distance"": 7.402227151965435, ""axis_independence"": ""poor"", ""degenerate_axes"": [""Alice"", ""吉祥"", ""奥美"", ""存在"", ""弥赛亚"", ""福音"", ""自孕"", ""觉爱""]}"
2026-07-13 08:07,9946e739,手动输入,0.0,,,,0,0,0,0,0.0,0.0,0.0,0.0,0.0,0.0,N/A,0,0,unavailable,-1.0,0,0.0,1.0,0,0.0,0.0,0.0,0.0,-0.731195752330216,-0.20974209031032803,0.04858989874628559,0.10500108404080974,0.09210799692009199,0.11685059943622432,0.04767492404750597,-0.19619080506941075,-3.941378157209143e-06,4.0420744597058227e-07,1.474807165332931e-06,-1.0165238018042349e-06,-1.338647621115322e-06,-1.4854454703641838e-07,9.58138819515529e-07,2.0492409484929606e-06,-2.4783427295627677e-10,9.420677311702685e-12,8.785709481930244e-11,-6.118947966495676e-11,-7.221543678366577e-11,-3.881043294411195e-11,9.915362815240825e-11,1.0269786996049758e-10,modified_gs,"{""available"": true, ""matrix"": [[1.0000000000000002, 0.9953456889114438, 0.9896409880395172, 0.9841276233987386, 0.9894053318085747, 0.9850560654156586, 0.9910948867237911, 0.993302997928492], [0.9953456889114438, 1.0, 0.9924779221289182, 0.9879984983617975, 0.9915245400819723, 0.9860790000989741, 0.9910961625795819, 0.9926979488028383], [0.9896409880395172, 0.9924779221289182, 1.0, 0.9920881716222256, 0.9928800454814197, 0.9899072737438103, 0.9878787094078577, 0.9914418730282781], [0.9841276233987386, 0.9879984983617975, 0.9920881716222256, 1.0, 0.9911683276686752, 0.9935766625306255, 0.9775610455830639, 0.98541775306787], [0.9894053318085747, 0.9915245400819723, 0.9928800454814197, 0.9911683276686752, 1.0, 0.9897220441110605, 0.9866143954559805, 0.9918083251468133], [0.9850560654156586, 0.9860790000989741, 0.9899072737438103, 0.9935766625306255, 0.9897220441110605, 1.0, 0.9778712352354452, 0.9878622666235695], [0.9910948867237911, 0.9910961625795819, 0.9878787094078577, 0.9775610455830639, 0.9866143954559805, 0.9778712352354452, 1.0, 0.9907031459312727], [0.993302997928492, 0.9926979488028383, 0.9914418730282781, 0.98541775306787, 0.9918083251468133, 0.9878622666235695, 0.9907031459312727, 1.0]], ""names"": [""福音"", ""吉祥"", ""奥美"", ""存在"", ""自孕"", ""弥赛亚"", ""Alice"", ""觉爱""], ""max_off_diagonal"": 0.9953456889114438, ""mean_off_diagonal"": 0.9891553188899381, ""frobenius_distance"": 7.402227151965435, ""axis_independence"": ""poor"", ""degenerate_axes"": [""Alice"", ""吉祥"", ""奥美"", ""存在"", ""弥赛亚"", ""福音"", ""自孕"", ""觉爱""]}"
2026-07-13 13:55,14b4a6fb,手动输入,0.0,,,,0,0,0,0,0.0,0.0,0.0,0.0,0.0,0.0,N/A,0,0,unavailable,-1.0,0,0.0,1.0,0,0.0,0.0,0.0,0.0,-0.7672167525496039,-0.20644863324946347,0.046450630669454596,0.09553250372842204,0.06546640149464743,0.11413643799340717,0.07009118989426164,-0.16894585089280043,-1.7251436886679986e-06,1.5773261785749824e-07,-1.0245536766431957e-07,-4.5347606860094366e-07,-1.2759384782301034e-06,-1.2998857484756468e-07,1.073575950515118e-06,1.3048349701441726e-06,1.0629421911468316e-10,-1.1821334681682687e-11,-7.564808311737413e-11,2.7004687443802938e-11,3.007632752288664e-12,8.899746853167242e-13,5.536553045543841e-12,-3.5702924621044985e-11,modified_gs,"{""available"": true, ""matrix"": [[1.0000000000000002, 0.9953456889114438, 0.9896409880395172, 0.9841276233987386, 0.9894053318085747, 0.9850560654156586, 0.9910948867237911, 0.993302997928492], [0.9953456889114438, 1.0, 0.9924779221289182, 0.9879984983617975, 0.9915245400819723, 0.9860790000989741, 0.9910961625795819, 0.9926979488028383], [0.9896409880395172, 0.9924779221289182, 1.0, 0.9920881716222256, 0.9928800454814197, 0.9899072737438103, 0.9878787094078577, 0.9914418730282781], [0.9841276233987386, 0.9879984983617975, 0.9920881716222256, 1.0, 0.9911683276686752, 0.9935766625306255, 0.9775610455830639, 0.98541775306787], [0.9894053318085747, 0.9915245400819723, 0.9928800454814197, 0.9911683276686752, 1.0, 0.9897220441110605, 0.9866143954559805, 0.9918083251468133], [0.9850560654156586, 0.9860790000989741, 0.9899072737438103, 0.9935766625306255, 0.9897220441110605, 1.0, 0.9778712352354452, 0.9878622666235695], [0.9910948867237911, 0.9910961625795819, 0.9878787094078577, 0.9775610455830639, 0.9866143954559805, 0.9778712352354452, 1.0, 0.9907031459312727], [0.993302997928492, 0.9926979488028383, 0.9914418730282781, 0.98541775306787, 0.9918083251468133, 0.9878622666235695, 0.9907031459312727, 1.0]], ""names"": [""福音"", ""吉祥"", ""奥美"", ""存在"", ""自孕"", ""弥赛亚"", ""Alice"", ""觉爱""], ""max_off_diagonal"": 0.9953456889114438, ""mean_off_diagonal"": 0.9891553188899381, ""frobenius_distance"": 7.402227151965435, ""axis_independence"": ""poor"", ""degenerate_axes"": [""Alice"", ""吉祥"", ""奥美"", ""存在"", ""弥赛亚"", ""福音"", ""自孕"", ""觉爱""]}"
2026-07-13 19:43,f6db654a,手动输入,0.0,,,,0,0,0,0,0.0,0.0,0.0,0.0,0.0,0.0,N/A,0,0,unavailable,-1.0,0,0.0,1.0,0,0.0,0.0,0.0,0.0,-0.7114392990166203,-0.21460022392299738,0.010281638974183226,0.12065514615558263,0.11169692986360286,0.12600463416265928,0.03857301678389628,-0.21387231212790908,2.6713339814647306e-06,-3.904018521807428e-07,-1.7322314030302378e-06,1.2031916871245498e-06,2.214105764796716e-06,5.684001996768252e-07,-1.5094910493469997e-06,-2.1516504422944758e-06,2.105592753894985e-10,-2.625165086390043e-11,-7.805440782403823e-11,7.934232546578034e-11,1.671477127886408e-10,3.344773824350526e-11,-1.2371010535738112e-10,-1.6554048910146784e-10,modified_gs,"{""available"": true, ""matrix"": [[1.0000000000000002, 0.9953456889114438, 0.9896409880395172, 0.9841276233987386, 0.9894053318085747, 0.9850560654156586, 0.9910948867237911, 0.993302997928492], [0.9953456889114438, 1.0, 0.9924779221289182, 0.9879984983617975, 0.9915245400819723, 0.9860790000989741, 0.9910961625795819, 0.9926979488028383], [0.9896409880395172, 0.9924779221289182, 1.0, 0.9920881716222256, 0.9928800454814197, 0.9899072737438103, 0.9878787094078577, 0.9914418730282781], [0.9841276233987386, 0.9879984983617975, 0.9920881716222256, 1.0, 0.9911683276686752, 0.9935766625306255, 0.9775610455830639, 0.98541775306787], [0.9894053318085747, 0.9915245400819723, 0.9928800454814197, 0.9911683276686752, 1.0, 0.9897220441110605, 0.9866143954559805, 0.9918083251468133], [0.9850560654156586, 0.9860790000989741, 0.9899072737438103, 0.9935766625306255, 0.9897220441110605, 1.0, 0.9778712352354452, 0.9878622666235695], [0.9910948867237911, 0.9910961625795819, 0.9878787094078577, 0.9775610455830639, 0.9866143954559805, 0.9778712352354452, 1.0, 0.9907031459312727], [0.993302997928492, 0.9926979488028383, 0.9914418730282781, 0.98541775306787, 0.9918083251468133, 0.9878622666235695, 0.9907031459312727, 1.0]], ""names"": [""福音"", ""吉祥"", ""奥美"", ""存在"", ""自孕"", ""弥赛亚"", ""Alice"", ""觉爱""], ""max_off_diagonal"": 0.9953456889114438, ""mean_off_diagonal"": 0.9891553188899381, ""frobenius_distance"": 7.402227151965435, ""axis_independence"": ""poor"", ""degenerate_axes"": [""Alice"", ""吉祥"", ""奥美"", ""存在"", ""弥赛亚"", ""福音"", ""自孕"", ""觉爱""]}"
2026-07-14 01:30,c38086f8,手动输入,0.0,,,,0,0,0,0,0.0,0.0,0.0,0.0,0.0,0.0,N/A,0,0,unavailable,-1.0,0,0.0,1.0,0,0.0,0.0,0.0,0.0,-0.7597462071369119,-0.22854114715762838,0.03070085841342146,0.07985652922792764,0.044981594083514646,0.1033967188178189,0.06384565536722833,-0.1644235545927847,-2.3202165283521417e-06,-6.695928546892893e-07,9.80750213219896e-07,-1.959587748686599e-06,-3.2043869250762826e-06,-1.0858748964860896e-06,1.213863524655718e-06,2.375060400342189e-06,-2.394029021494903e-10,-1.3390455755805588e-11,1.3011902236211672e-10,-1.5169205927151793e-10,-2.598797453176498e-10,-7.934173123083524e-11,1.306165263310656e-10,2.171084336996002e-10,modified_gs,"{""available"": true, ""matrix"": [[1.0000000000000002, 0.9953456889114438, 0.9896409880395172, 0.9841276233987386, 0.9894053318085747, 0.9850560654156586, 0.9910948867237911, 0.993302997928492], [0.9953456889114438, 1.0, 0.9924779221289182, 0.9879984983617975, 0.9915245400819723, 0.9860790000989741, 0.9910961625795819, 0.9926979488028383], [0.9896409880395172, 0.9924779221289182, 1.0, 0.9920881716222256, 0.9928800454814197, 0.9899072737438103, 0.9878787094078577, 0.9914418730282781], [0.9841276233987386, 0.9879984983617975, 0.9920881716222256, 1.0, 0.9911683276686752, 0.9935766625306255, 0.9775610455830639, 0.98541775306787], [0.9894053318085747, 0.9915245400819723, 0.9928800454814197, 0.9911683276686752, 1.0, 0.9897220441110605, 0.9866143954559805, 0.9918083251468133], [0.9850560654156586, 0.9860790000989741, 0.9899072737438103, 0.9935766625306255, 0.9897220441110605, 1.0, 0.9778712352354452, 0.9878622666235695], [0.9910948867237911, 0.9910961625795819, 0.9878787094078577, 0.9775610455830639, 0.9866143954559805, 0.9778712352354452, 1.0, 0.9907031459312727], [0.993302997928492, 0.9926979488028383, 0.9914418730282781, 0.98541775306787, 0.9918083251468133, 0.9878622666235695, 0.9907031459312727, 1.0]], ""names"": [""福音"", ""吉祥"", ""奥美"", ""存在"", ""自孕"", ""弥赛亚"", ""Alice"", ""觉爱""], ""max_off_diagonal"": 0.9953456889114438, ""mean_off_diagonal"": 0.9891553188899381, ""frobenius_distance"": 7.402227151965435, ""axis_independence"": ""poor"", ""degenerate_axes"": [""Alice"", ""吉祥"", ""奥美"", ""存在"", ""弥赛亚"", ""福音"", ""自孕"", ""觉爱""]}"
2026-07-14 07:18,9c198aed,手动输入,0.0,,,,0,0,0,0,0.0,0.0,0.0,0.0,0.0,0.0,N/A,0,0,unavailable,-1.0,0,0.0,1.0,0,0.06228694909016509,-0.12991113431965906,0.15223004673827797,0.9447363150327807,-0.7572791194660524,-0.16634422750511796,0.017677390821912733,0.10970583051106204,0.1207403679678744,0.10205097435937209,0.0344739318393832,-0.20206112022418538,1.1815553979211964e-07,2.978779676844369e-06,-6.237292907810693e-07,1.4295642376980077e-06,3.6282937684080343e-06,-6.445136295243315e-08,-1.4066917398393262e-06,-1.802565403802714e-06,1.1694830063042022e-10,1.7498189599681815e-10,-7.69534534293029e-11,1.6254925594170774e-10,3.277065080807826e-10,4.8989138298976326e-11,-1.2568610381271197e-10,-2.0036574600215363e-10,modified_gs,"{""available"": true, ""matrix"": [[1.0000000000000002, 0.9953456889114438, 0.9896409880395172, 0.9841276233987386, 0.9894053318085747, 0.9850560654156586, 0.9910948867237911, 0.993302997928492], [0.9953456889114438, 1.0, 0.9924779221289182, 0.9879984983617975, 0.9915245400819723, 0.9860790000989741, 0.9910961625795819, 0.9926979488028383], [0.9896409880395172, 0.9924779221289182, 1.0, 0.9920881716222256, 0.9928800454814197, 0.9899072737438103, 0.9878787094078577, 0.9914418730282781], [0.9841276233987386, 0.9879984983617975, 0.9920881716222256, 1.0, 0.9911683276686752, 0.9935766625306255, 0.9775610455830639, 0.98541775306787], [0.9894053318085747, 0.9915245400819723, 0.9928800454814197, 0.9911683276686752, 1.0, 0.9897220441110605, 0.9866143954559805, 0.9918083251468133], [0.9850560654156586, 0.9860790000989741, 0.9899072737438103, 0.9935766625306255, 0.9897220441110605, 1.0, 0.9778712352354452, 0.9878622666235695], [0.9910948867237911, 0.9910961625795819, 0.9878787094078577, 0.9775610455830639, 0.9866143954559805, 0.9778712352354452, 1.0, 0.9907031459312727], [0.993302997928492, 0.9926979488028383, 0.9914418730282781, 0.98541775306787, 0.9918083251468133, 0.9878622666235695, 0.9907031459312727, 1.0]], ""names"": [""福音"", ""吉祥"", ""奥美"", ""存在"", ""自孕"", ""弥赛亚"", ""Alice"", ""觉爱""], ""max_off_diagonal"": 0.9953456889114438, ""mean_off_diagonal"": 0.9891553188899381, ""frobenius_distance"": 7.402227151965435, ""axis_independence"": ""poor"", ""degenerate_axes"": [""Alice"", ""吉祥"", ""奥美"", ""存在"", ""弥赛亚"", ""福音"", ""自孕"", ""觉爱""]}"
2026-07-14 13:05,176da281,手动输入,0.0,,,,0,0,0,0,0.0,0.0,0.0,0.0,0.0,0.0,N/A,0,0,unavailable,-1.0,0,0.0,1.0,0,-0.01730877650337482,-0.016003385285544024,0.019468446422414576,0.997016864157879,-0.7326781233659294,-0.21770192864925186,0.021194230213585775,0.11397605864855807,0.07812485046364713,0.07837135023216267,0.021375990926833406,-0.22478102234922032,1.1816040393911147e-06,-2.466748373877709e-06,1.6891639729457454e-07,2.0510221601806096e-07,-2.0468548272923763e-06,-1.1373498620177436e-06,-6.291037902281362e-07,-1.0912537043724756e-06,5.100472420139066e-11,-2.6117640531041145e-10,3.801657976381985e-11,-5.872719528440991e-11,-2.7218938108874866e-10,-5.1457961585866206e-11,3.729438607247914e-11,3.4115669037421504e-11,modified_gs,"{""available"": true, ""matrix"": [[1.0000000000000002, 0.9953456889114438, 0.9896409880395172, 0.9841276233987386, 0.9894053318085747, 0.9850560654156586, 0.9910948867237911, 0.993302997928492], [0.9953456889114438, 1.0, 0.9924779221289182, 0.9879984983617975, 0.9915245400819723, 0.9860790000989741, 0.9910961625795819, 0.9926979488028383], [0.9896409880395172, 0.9924779221289182, 1.0, 0.9920881716222256, 0.9928800454814197, 0.9899072737438103, 0.9878787094078577, 0.9914418730282781], [0.9841276233987386, 0.9879984983617975, 0.9920881716222256, 1.0, 0.9911683276686752, 0.9935766625306255, 0.9775610455830639, 0.98541775306787], [0.9894053318085747, 0.9915245400819723, 0.9928800454814197, 0.9911683276686752, 1.0, 0.9897220441110605, 0.9866143954559805, 0.9918083251468133], [0.9850560654156586, 0.9860790000989741, 0.9899072737438103, 0.9935766625306255, 0.9897220441110605, 1.0, 0.9778712352354452, 0.9878622666235695], [0.9910948867237911, 0.9910961625795819, 0.9878787094078577, 0.9775610455830639, 0.9866143954559805, 0.9778712352354452, 1.0, 0.9907031459312727], [0.993302997928492, 0.9926979488028383, 0.9914418730282781, 0.98541775306787, 0.9918083251468133, 0.9878622666235695, 0.9907031459312727, 1.0]], ""names"": [""福音"", ""吉祥"", ""奥美"", ""存在"", ""自孕"", ""弥赛亚"", ""Alice"", ""觉爱""], ""max_off_diagonal"": 0.9953456889114438, ""mean_off_diagonal"": 0.9891553188899381, ""frobenius_distance"": 7.402227151965435, ""axis_independence"": ""poor"", ""degenerate_axes"": [""Alice"", ""吉祥"", ""奥美"", ""存在"", ""弥赛亚"", ""福音"", ""自孕"", ""觉爱""]}"
2026-07-14 18:53,95e47441,手动输入,0.0,,,,0,0,0,0,0.0,0.0,0.0,0.0,0.0,0.0,N/A,0,0,unavailable,-1.0,0,0.0,1.0,0,-0.037783317983583045,-0.07570740631662326,0.017887515313455088,0.8624706381841797,-0.700722107677441,-0.20708142130616014,0.03914728202879911,0.135642638171781,0.1127794334572077,0.10731834504554583,0.034225595904234206,-0.22454447210905373,1.5304605214793286e-06,5.086449876959638e-07,8.59820489234355e-07,1.0376714331045457e-06,1.6597022506494526e-06,1.3863503263114538e-06,6.154025372318391e-07,1.1329034490736738e-08,1.6731725759626566e-11,1.4270471758147112e-10,3.3136886903586595e-11,3.993137731829663e-11,1.7777252172382874e-10,1.2104077641866652e-10,5.968855287577819e-11,5.2881666132528165e-11,modified_gs,"{""available"": true, ""matrix"": [[1.0000000000000002, 0.9953456889114438, 0.9896409880395172, 0.9841276233987386, 0.9894053318085747, 0.9850560654156586, 0.9910948867237911, 0.993302997928492], [0.9953456889114438, 1.0, 0.9924779221289182, 0.9879984983617975, 0.9915245400819723, 0.9860790000989741, 0.9910961625795819, 0.9926979488028383], [0.9896409880395172, 0.9924779221289182, 1.0, 0.9920881716222256, 0.9928800454814197, 0.9899072737438103, 0.9878787094078577, 0.9914418730282781], [0.9841276233987386, 0.9879984983617975, 0.9920881716222256, 1.0, 0.9911683276686752, 0.9935766625306255, 0.9775610455830639, 0.98541775306787], [0.9894053318085747, 0.9915245400819723, 0.9928800454814197, 0.9911683276686752, 1.0, 0.9897220441110605, 0.9866143954559805, 0.9918083251468133], [0.9850560654156586, 0.9860790000989741, 0.9899072737438103, 0.9935766625306255, 0.9897220441110605, 1.0, 0.9778712352354452, 0.9878622666235695], [0.9910948867237911, 0.9910961625795819, 0.9878787094078577, 0.9775610455830639, 0.9866143954559805, 0.9778712352354452, 1.0, 0.9907031459312727], [0.993302997928492, 0.9926979488028383, 0.9914418730282781, 0.98541775306787, 0.9918083251468133, 0.9878622666235695, 0.9907031459312727, 1.0]], ""names"": [""福音"", ""吉祥"", ""奥美"", ""存在"", ""自孕"", ""弥赛亚"", ""Alice"", ""觉爱""], ""max_off_diagonal"": 0.9953456889114438, ""mean_off_diagonal"": 0.9891553188899381, ""frobenius_distance"": 7.402227151965435, ""axis_independence"": ""poor"", ""degenerate_axes"": [""Alice"", ""吉祥"", ""奥美"", ""存在"", ""弥赛亚"", ""福音"", ""自孕"", ""觉爱""]}"
2026-07-15 00:41,0a315311,手动输入,0.0,,,,0,0,0,0,0.0,0.0,0.0,0.0,0.0,0.0,N/A,0,0,unavailable,-1.0,0,0.0,1.0,0,0.00287391776205813,-0.06580273080958433,0.038927306012394955,0.6966363336198996,-0.7254679568728414,-0.18582126875774913,0.03219200056876041,0.11245423253424892,0.0979717950131362,0.12043935646112712,0.031234213514685978,-0.21507782092587416,-1.1851460342624688e-06,1.0182065396748571e-06,-3.3310734961871147e-07,-1.1105558255523019e-06,-7.091780864018918e-07,6.284009298650045e-07,-1.4326544011246301e-07,4.5338367735534366e-07,-1.3005778523667614e-10,2.4404288887878035e-11,-5.713255933204341e-11,-1.0288444725368043e-10,-1.1345212342199924e-10,-3.6300258450500443e-11,-3.633467324445892e-11,2.1171199370910294e-11,modified_gs,"{""available"": true, ""matrix"": [[1.0000000000000002, 0.9953456889114438, 0.9896409880395172, 0.9841276233987386, 0.9894053318085747, 0.9850560654156586, 0.9910948867237911, 0.993302997928492], [0.9953456889114438, 1.0, 0.9924779221289182, 0.9879984983617975, 0.9915245400819723, 0.9860790000989741, 0.9910961625795819, 0.9926979488028383], [0.9896409880395172, 0.9924779221289182, 1.0, 0.9920881716222256, 0.9928800454814197, 0.9899072737438103, 0.9878787094078577, 0.9914418730282781], [0.9841276233987386, 0.9879984983617975, 0.9920881716222256, 1.0, 0.9911683276686752, 0.9935766625306255, 0.9775610455830639, 0.98541775306787], [0.9894053318085747, 0.9915245400819723, 0.9928800454814197, 0.9911683276686752, 1.0, 0.9897220441110605, 0.9866143954559805, 0.9918083251468133], [0.9850560654156586, 0.9860790000989741, 0.9899072737438103, 0.9935766625306255, 0.9897220441110605, 1.0, 0.9778712352354452, 0.9878622666235695], [0.9910948867237911, 0.9910961625795819, 0.9878787094078577, 0.9775610455830639, 0.9866143954559805, 0.9778712352354452, 1.0, 0.9907031459312727], [0.993302997928492, 0.9926979488028383, 0.9914418730282781, 0.98541775306787, 0.9918083251468133, 0.9878622666235695, 0.9907031459312727, 1.0]], ""names"": [""福音"", ""吉祥"", ""奥美"", ""存在"", ""自孕"", ""弥赛亚"", ""Alice"", ""觉爱""], ""max_off_diagonal"": 0.9953456889114438, ""mean_off_diagonal"": 0.9891553188899381, ""frobenius_distance"": 7.402227151965435, ""axis_independence"": ""poor"", ""degenerate_axes"": [""Alice"", ""吉祥"", ""奥美"", ""存在"", ""弥赛亚"", ""福音"", ""自孕"", ""觉爱""]}"
2026-07-15 06:28,4a54d5aa,手动输入,0.0,,,,0,0,0,0,0.0,0.0,0.0,0.0,0.0,0.0,N/A,0,0,unavailable,-1.0,0,0.0,1.0,0,0.09491542932191252,0.023675804202027393,0.020593297416812047,0.7692339979829491,-0.7670664716703476,-0.21039292364585935,0.06792456281868113,0.11825419257507894,0.07548111715963839,0.08922678083752365,0.018261591539835205,-0.17648021223237584,-1.9980074350387227e-06,-1.180194759275227e-06,1.7162613952891796e-06,2.785763708371764e-07,-1.0802438930594532e-06,-1.499163094313327e-06,-6.230846289553685e-07,1.85387169517283e-06,-3.8986158310611695e-11,-1.0543891122062754e-10,9.829106690205712e-11,6.662504539038265e-11,-1.7796921182616853e-11,-1.0204144000855307e-10,-2.301291073587077e-11,6.716968910395618e-11,modified_gs,"{""available"": true, ""matrix"": [[1.0000000000000002, 0.9953456889114438, 0.9896409880395172, 0.9841276233987386, 0.9894053318085747, 0.9850560654156586, 0.9910948867237911, 0.993302997928492], [0.9953456889114438, 1.0, 0.9924779221289182, 0.9879984983617975, 0.9915245400819723, 0.9860790000989741, 0.9910961625795819, 0.9926979488028383], [0.9896409880395172, 0.9924779221289182, 1.0, 0.9920881716222256, 0.9928800454814197, 0.9899072737438103, 0.9878787094078577, 0.9914418730282781], [0.9841276233987386, 0.9879984983617975, 0.9920881716222256, 1.0, 0.9911683276686752, 0.9935766625306255, 0.9775610455830639, 0.98541775306787], [0.9894053318085747, 0.9915245400819723, 0.9928800454814197, 0.9911683276686752, 1.0, 0.9897220441110605, 0.9866143954559805, 0.9918083251468133], [0.9850560654156586, 0.9860790000989741, 0.9899072737438103, 0.9935766625306255, 0.9897220441110605, 1.0, 0.9778712352354452, 0.9878622666235695], [0.9910948867237911, 0.9910961625795819, 0.9878787094078577, 0.9775610455830639, 0.9866143954559805, 0.9778712352354452, 1.0, 0.9907031459312727], [0.993302997928492, 0.9926979488028383, 0.9914418730282781, 0.98541775306787, 0.9918083251468133, 0.9878622666235695, 0.9907031459312727, 1.0]], ""names"": [""福音"", ""吉祥"", ""奥美"", ""存在"", ""自孕"", ""弥赛亚"", ""Alice"", ""觉爱""], ""max_off_diagonal"": 0.9953456889114438, ""mean_off_diagonal"": 0.9891553188899381, ""frobenius_distance"": 7.402227151965435, ""axis_independence"": ""poor"", ""degenerate_axes"": [""Alice"", ""吉祥"", ""奥美"", ""存在"", ""弥赛亚"", ""福音"", ""自孕"", ""觉爱""]}"
2026-07-15 12:16,009dac53,手动输入,0.0,,,,0,0,0,0,0.0,0.0,0.0,0.0,0.0,0.0,N/A,0,0,unavailable,-1.0,0,0.0,1.0,0,0.09465346940952232,-0.027734092593533412,0.13079558046188175,0.8658949148770348,-0.742217673396857,-0.20711247664241464,0.06252842074603014,0.1155438725825046,0.1013840327946299,0.08554295273969116,0.025657815858026522,-0.19432765674852176,1.1900765456652599e-06,1.5710953081631747e-07,-2.5843592301968336e-07,-1.2980459734551393e-07,1.240561093629862e-06,-1.7642854874676688e-07,3.542253025953696e-07,-8.547626683977932e-07,1.529057065085843e-10,6.413929448880309e-11,-9.470970351601262e-11,-1.9586617179025917e-11,1.1130959168773695e-10,6.344050578256883e-11,4.687337801202581e-11,-1.2991052103456227e-10,modified_gs,"{""available"": true, ""matrix"": [[1.0000000000000002, 0.9953456889114438, 0.9896409880395172, 0.9841276233987386, 0.9894053318085747, 0.9850560654156586, 0.9910948867237911, 0.993302997928492], [0.9953456889114438, 1.0, 0.9924779221289182, 0.9879984983617975, 0.9915245400819723, 0.9860790000989741, 0.9910961625795819, 0.9926979488028383], [0.9896409880395172, 0.9924779221289182, 1.0, 0.9920881716222256, 0.9928800454814197, 0.9899072737438103, 0.9878787094078577, 0.9914418730282781], [0.9841276233987386, 0.9879984983617975, 0.9920881716222256, 1.0, 0.9911683276686752, 0.9935766625306255, 0.9775610455830639, 0.98541775306787], [0.9894053318085747, 0.9915245400819723, 0.9928800454814197, 0.9911683276686752, 1.0, 0.9897220441110605, 0.9866143954559805, 0.9918083251468133], [0.9850560654156586, 0.9860790000989741, 0.9899072737438103, 0.9935766625306255, 0.9897220441110605, 1.0, 0.9778712352354452, 0.9878622666235695], [0.9910948867237911, 0.9910961625795819, 0.9878787094078577, 0.9775610455830639, 0.9866143954559805, 0.9778712352354452, 1.0, 0.9907031459312727], [0.993302997928492, 0.9926979488028383, 0.9914418730282781, 0.98541775306787, 0.9918083251468133, 0.9878622666235695, 0.9907031459312727, 1.0]], ""names"": [""福音"", ""吉祥"", ""奥美"", ""存在"", ""自孕"", ""弥赛亚"", ""Alice"", ""觉爱""], ""max_off_diagonal"": 0.9953456889114438, ""mean_off_diagonal"": 0.9891553188899381, ""frobenius_distance"": 7.402227151965435, ""axis_independence"": ""poor"", ""degenerate_axes"": [""Alice"", ""吉祥"", ""奥美"", ""存在"", ""弥赛亚"", ""福音"", ""自孕"", ""觉爱""]}"
2026-07-15 18:03,f6276dd4,手动输入,0.0,,,,0,0,0,0,0.0,0.0,0.0,0.0,0.0,0.0,N/A,0,0,unavailable,-1.0,0,0.0,1.0,0,-0.09413044239813237,0.005658042273578941,0.06323718793878108,0.7292000632107336,-0.6714475816775273,-0.2165321833428513,0.038736027487154386,0.1311902104402898,0.12480781980184155,0.10729508025953009,0.04205628159110021,-0.22949632717499854,3.399139852033126e-06,-4.524354803283695e-07,-1.1427662468240037e-06,7.515051804892027e-07,1.1250618159083405e-06,1.0447707742477872e-06,7.876304386682848e-07,-1.6891772539133902e-06,1.0595027848287128e-10,-2.9234772716771556e-11,-4.241392440308491e-11,4.226905409279216e-11,-5.539533703670097e-12,5.85707109349906e-11,2.078681707783766e-11,-4.001988419739074e-11,modified_gs,"{""available"": true, ""matrix"": [[1.0000000000000002, 0.9953456889114438, 0.9896409880395172, 0.9841276233987386, 0.9894053318085747, 0.9850560654156586, 0.9910948867237911, 0.993302997928492], [0.9953456889114438, 1.0, 0.9924779221289182, 0.9879984983617975, 0.9915245400819723, 0.9860790000989741, 0.9910961625795819, 0.9926979488028383], [0.9896409880395172, 0.9924779221289182, 1.0, 0.9920881716222256, 0.9928800454814197, 0.9899072737438103, 0.9878787094078577, 0.9914418730282781], [0.9841276233987386, 0.9879984983617975, 0.9920881716222256, 1.0, 0.9911683276686752, 0.9935766625306255, 0.9775610455830639, 0.98541775306787], [0.9894053318085747, 0.9915245400819723, 0.9928800454814197, 0.9911683276686752, 1.0, 0.9897220441110605, 0.9866143954559805, 0.9918083251468133], [0.9850560654156586, 0.9860790000989741, 0.9899072737438103, 0.9935766625306255, 0.9897220441110605, 1.0, 0.9778712352354452, 0.9878622666235695], [0.9910948867237911, 0.9910961625795819, 0.9878787094078577, 0.9775610455830639, 0.9866143954559805, 0.9778712352354452, 1.0, 0.9907031459312727], [0.993302997928492, 0.9926979488028383, 0.9914418730282781, 0.98541775306787, 0.9918083251468133, 0.9878622666235695, 0.9907031459312727, 1.0]], ""names"": [""福音"", ""吉祥"", ""奥美"", ""存在"", ""自孕"", ""弥赛亚"", ""Alice"", ""觉爱""], ""max_off_diagonal"": 0.9953456889114438, ""mean_off_diagonal"": 0.9891553188899381, ""frobenius_distance"": 7.402227151965435, ""axis_independence"": ""poor"", ""degenerate_axes"": [""Alice"", ""吉祥"", ""奥美"", ""存在"", ""弥赛亚"", ""福音"", ""自孕"", ""觉爱""]}"
2026-07-15 23:51,2f923e88,手动输入,0.0,,,,0,0,0,0,0.0,0.0,0.0,0.0,0.0,0.0,N/A,0,0,unavailable,-1.0,0,0.0,1.0,0,0.12519967731203174,-0.012142895796551232,0.11190858029808001,0.776074540828733,-0.7599444115935815,-0.21355548362468738,0.06556749537700199,0.12260452160643386,0.08486527383399176,0.08108065549369951,0.02997196510074803,-0.18725602249566412,-4.238353923182674e-06,1.4256224703850175e-07,1.2850319870616668e-06,-4.111919939586183e-07,-1.9129571823682853e-06,-1.2554801133060623e-06,-5.787507897678247e-07,2.0230030976692734e-06,-3.663066558856499e-10,2.8537061264598142e-11,1.1644116229667484e-10,-5.576485249150221e-11,-1.4570834524108518e-10,-1.103237835757242e-10,-6.553387186743931e-11,1.7804222309748986e-10,modified_gs,"{""available"": true, ""matrix"": [[1.0000000000000002, 0.9953456889114438, 0.9896409880395172, 0.9841276233987386, 0.9894053318085747, 0.9850560654156586, 0.9910948867237911, 0.993302997928492], [0.9953456889114438, 1.0, 0.9924779221289182, 0.9879984983617975, 0.9915245400819723, 0.9860790000989741, 0.9910961625795819, 0.9926979488028383], [0.9896409880395172, 0.9924779221289182, 1.0, 0.9920881716222256, 0.9928800454814197, 0.9899072737438103, 0.9878787094078577, 0.9914418730282781], [0.9841276233987386, 0.9879984983617975, 0.9920881716222256, 1.0, 0.9911683276686752, 0.9935766625306255, 0.9775610455830639, 0.98541775306787], [0.9894053318085747, 0.9915245400819723, 0.9928800454814197, 0.9911683276686752, 1.0, 0.9897220441110605, 0.9866143954559805, 0.9918083251468133], [0.9850560654156586, 0.9860790000989741, 0.9899072737438103, 0.9935766625306255, 0.9897220441110605, 1.0, 0.9778712352354452, 0.9878622666235695], [0.9910948867237911, 0.9910961625795819, 0.9878787094078577, 0.9775610455830639, 0.9866143954559805, 0.9778712352354452, 1.0, 0.9907031459312727], [0.993302997928492, 0.9926979488028383, 0.9914418730282781, 0.98541775306787, 0.9918083251468133, 0.9878622666235695, 0.9907031459312727, 1.0]], ""names"": [""福音"", ""吉祥"", ""奥美"", ""存在"", ""自孕"", ""弥赛亚"", ""Alice"", ""觉爱""], ""max_off_diagonal"": 0.9953456889114438, ""mean_off_diagonal"": 0.9891553188899381, ""frobenius_distance"": 7.402227151965435, ""axis_independence"": ""poor"", ""degenerate_axes"": [""Alice"", ""吉祥"", ""奥美"", ""存在"", ""弥赛亚"", ""福音"", ""自孕"", ""觉爱""]}"
2026-07-16 05:38,12f12613,手动输入,0.0,,,,0,0,0,0,0.0,0.0,0.0,0.0,0.0,0.0,N/A,0,0,unavailable,-1.0,0,0.0,1.0,0,-0.0551099490262461,-0.01240497082126894,0.07814683621340168,0.829754634542936,-0.6917196039889375,-0.2158269297433651,0.0433496112798509,0.12503354208494702,0.12402147962514606,0.0934011921408088,0.03344075793271287,-0.23378361039510465,3.2768879733258407e-06,-1.0909923720834374e-07,-1.067141407163837e-06,1.1666765026480133e-07,1.8807015269526566e-06,5.917644883337795e-07,1.6660868549302765e-07,-2.234754462028844e-06,3.6044325642726693e-10,-1.2070095167714414e-11,-1.1281407166549179e-10,2.5317009315271927e-11,1.819500580010044e-10,8.859686338800199e-11,3.574865588781067e-11,-2.0420899566897444e-10,modified_gs,"{""available"": true, ""matrix"": [[1.0000000000000002, 0.9953456889114438, 0.9896409880395172, 0.9841276233987386, 0.9894053318085747, 0.9850560654156586, 0.9910948867237911, 0.993302997928492], [0.9953456889114438, 1.0, 0.9924779221289182, 0.9879984983617975, 0.9915245400819723, 0.9860790000989741, 0.9910961625795819, 0.9926979488028383], [0.9896409880395172, 0.9924779221289182, 1.0, 0.9920881716222256, 0.9928800454814197, 0.9899072737438103, 0.9878787094078577, 0.9914418730282781], [0.9841276233987386, 0.9879984983617975, 0.9920881716222256, 1.0, 0.9911683276686752, 0.9935766625306255, 0.9775610455830639, 0.98541775306787], [0.9894053318085747, 0.9915245400819723, 0.9928800454814197, 0.9911683276686752, 1.0, 0.9897220441110605, 0.9866143954559805, 0.9918083251468133], [0.9850560654156586, 0.9860790000989741, 0.9899072737438103, 0.9935766625306255, 0.9897220441110605, 1.0, 0.9778712352354452, 0.9878622666235695], [0.9910948867237911, 0.9910961625795819, 0.9878787094078577, 0.9775610455830639, 0.9866143954559805, 0.9778712352354452, 1.0, 0.9907031459312727], [0.993302997928492, 0.9926979488028383, 0.9914418730282781, 0.98541775306787, 0.9918083251468133, 0.9878622666235695, 0.9907031459312727, 1.0]], ""names"": [""福音"", ""吉祥"", ""奥美"", ""存在"", ""自孕"", ""弥赛亚"", ""Alice"", ""觉爱""], ""max_off_diagonal"": 0.9953456889114438, ""mean_off_diagonal"": 0.9891553188899381, ""frobenius_distance"": 7.402227151965435, ""axis_independence"": ""poor"", ""degenerate_axes"": [""Alice"", ""吉祥"", ""奥美"", ""存在"", ""弥赛亚"", ""福音"", ""自孕"", ""觉爱""]}"
2026-07-16 11:26,4dc25c47,手动输入,0.0,,,,0,0,0,0,0.0,0.0,0.0,0.0,0.0,0.0,N/A,0,0,unavailable,-1.0,0,0.0,1.0,0,0.19772665399022846,-0.03277725638116305,0.09965310537569,0.8173171815125551,-0.7777446427265828,-0.16616827173212606,0.06973759509250332,0.07890949196819401,0.06669185724166533,0.09141502838985159,0.030279583022132944,-0.17623138638031977,-4.119973119619029e-06,2.3782882189290723e-06,1.2637923281921657e-06,-2.209006231645259e-06,-2.7456715700900733e-06,-9.512278500752931e-08,-1.513972658323718e-07,2.7563325677578966e-06,-3.547655200453175e-10,1.1929915856774178e-10,1.1179538299069558e-10,-1.1154311184220913e-10,-2.2188839793969927e-10,-3.294423373339611e-11,-1.5252083996422037e-11,2.3938067289145035e-10,modified_gs,"{""available"": true, ""matrix"": [[1.0000000000000002, 0.9953456889114438, 0.9896409880395172, 0.9841276233987386, 0.9894053318085747, 0.9850560654156586, 0.9910948867237911, 0.993302997928492], [0.9953456889114438, 1.0, 0.9924779221289182, 0.9879984983617975, 0.9915245400819723, 0.9860790000989741, 0.9910961625795819, 0.9926979488028383], [0.9896409880395172, 0.9924779221289182, 1.0, 0.9920881716222256, 0.9928800454814197, 0.9899072737438103, 0.9878787094078577, 0.9914418730282781], [0.9841276233987386, 0.9879984983617975, 0.9920881716222256, 1.0, 0.9911683276686752, 0.9935766625306255, 0.9775610455830639, 0.98541775306787], [0.9894053318085747, 0.9915245400819723, 0.9928800454814197, 0.9911683276686752, 1.0, 0.9897220441110605, 0.9866143954559805, 0.9918083251468133], [0.9850560654156586, 0.9860790000989741, 0.9899072737438103, 0.9935766625306255, 0.9897220441110605, 1.0, 0.9778712352354452, 0.9878622666235695], [0.9910948867237911, 0.9910961625795819, 0.9878787094078577, 0.9775610455830639, 0.9866143954559805, 0.9778712352354452, 1.0, 0.9907031459312727], [0.993302997928492, 0.9926979488028383, 0.9914418730282781, 0.98541775306787, 0.9918083251468133, 0.9878622666235695, 0.9907031459312727, 1.0]], ""names"": [""福音"", ""吉祥"", ""奥美"", ""存在"", ""自孕"", ""弥赛亚"", ""Alice"", ""觉爱""], ""max_off_diagonal"": 0.9953456889114438, ""mean_off_diagonal"": 0.9891553188899381, ""frobenius_distance"": 7.402227151965435, ""axis_independence"": ""poor"", ""degenerate_axes"": [""Alice"", ""吉祥"", ""奥美"", ""存在"", ""弥赛亚"", ""福音"", ""自孕"", ""觉爱""]}"
2026-07-16 17:14,0bf17061,手动输入,0.0,,,,0,0,0,0,0.0,0.0,0.0,0.0,0.0,0.0,N/A,0,0,unavailable,-1.0,0,0.0,1.0,0,-0.0698589555540014,0.08934854183294708,0.022576042928204976,0.8881020151036079,-0.690289067212267,-0.20063902488548938,0.038960676830560544,0.12085033568159032,0.11600078132188388,0.09873839850846504,0.03561429199096456,-0.25842372727061313,4.18848541735229e-06,-1.6508981395288944e-06,-1.4739903382156504e-06,2.0086610973848805e-06,2.3615385095890106e-06,3.5073611679183183e-07,2.5549372456090117e-07,-3.9364147935964254e-06,3.97914680889431e-10,-1.929686953284467e-10,-1.3111985950229006e-10,2.0199556173515997e-10,2.445981838926764e-10,2.135339568004603e-11,1.9487116398145256e-11,-3.2053387745949817e-10,modified_gs,"{""available"": true, ""matrix"": [[1.0000000000000002, 0.9953456889114438, 0.9896409880395172, 0.9841276233987386, 0.9894053318085747, 0.9850560654156586, 0.9910948867237911, 0.993302997928492], [0.9953456889114438, 1.0, 0.9924779221289182, 0.9879984983617975, 0.9915245400819723, 0.9860790000989741, 0.9910961625795819, 0.9926979488028383], [0.9896409880395172, 0.9924779221289182, 1.0, 0.9920881716222256, 0.9928800454814197, 0.9899072737438103, 0.9878787094078577, 0.9914418730282781], [0.9841276233987386, 0.9879984983617975, 0.9920881716222256, 1.0, 0.9911683276686752, 0.9935766625306255, 0.9775610455830639, 0.98541775306787], [0.9894053318085747, 0.9915245400819723, 0.9928800454814197, 0.9911683276686752, 1.0, 0.9897220441110605, 0.9866143954559805, 0.9918083251468133], [0.9850560654156586, 0.9860790000989741, 0.9899072737438103, 0.9935766625306255, 0.9897220441110605, 1.0, 0.9778712352354452, 0.9878622666235695], [0.9910948867237911, 0.9910961625795819, 0.9878787094078577, 0.9775610455830639, 0.9866143954559805, 0.9778712352354452, 1.0, 0.9907031459312727], [0.993302997928492, 0.9926979488028383, 0.9914418730282781, 0.98541775306787, 0.9918083251468133, 0.9878622666235695, 0.9907031459312727, 1.0]], ""names"": [""福音"", ""吉祥"", ""奥美"", ""存在"", ""自孕"", ""弥赛亚"", ""Alice"", ""觉爱""], ""max_off_diagonal"": 0.9953456889114438, ""mean_off_diagonal"": 0.9891553188899381, ""frobenius_distance"": 7.402227151965435, ""axis_independence"": ""poor"", ""degenerate_axes"": [""Alice"", ""吉祥"", ""奥美"", ""存在"", ""弥赛亚"", ""福音"", ""自孕"", ""觉爱""]}"
2026-07-16 23:01,aacfb611,手动输入,-0.5688673089794647,-0.6248048478988145,-0.5129297700601149,0.11187507783869965,0,1,11,12,0.405,8.0,1.0,461445.26,0.0,0.0,N/A,0,0,unavailable,-1.0,0,0.0,1.0,1649,0.20810855131910938,0.050042922353129675,0.024784757100842273,0.6786994846097779,-0.7864480326051196,-0.1765896953971359,0.07989176369137899,0.091351396876797,0.06183251919159369,0.0880991114814962,0.03534678137148511,-0.19031475600007383,-4.6185862340467155e-06,1.1551070839747108e-06,1.965950377560924e-06,-1.4168558503743188e-06,-2.6017416969399707e-06,-5.110128255028262e-07,-1.2848732924085131e-08,3.2713242685177377e-06,-4.224015180527101e-10,1.3458058625916572e-10,1.6498516622429613e-10,-1.6429337878941003e-10,-2.3804701230354827e-10,-4.133088452252557e-11,-1.2870141845802699e-11,3.4569491904624283e-10,modified_gs,"{""available"": true, ""matrix"": [[1.0000000000000002, 0.9953456889114438, 0.9896409880395172, 0.9841276233987386, 0.9894053318085747, 0.9850560654156586, 0.9910948867237911, 0.993302997928492], [0.9953456889114438, 1.0, 0.9924779221289182, 0.9879984983617975, 0.9915245400819723, 0.9860790000989741, 0.9910961625795819, 0.9926979488028383], [0.9896409880395172, 0.9924779221289182, 1.0, 0.9920881716222256, 0.9928800454814197, 0.9899072737438103, 0.9878787094078577, 0.9914418730282781], [0.9841276233987386, 0.9879984983617975, 0.9920881716222256, 1.0, 0.9911683276686752, 0.9935766625306255, 0.9775610455830639, 0.98541775306787], [0.9894053318085747, 0.9915245400819723, 0.9928800454814197, 0.9911683276686752, 1.0, 0.9897220441110605, 0.9866143954559805, 0.9918083251468133], [0.9850560654156586, 0.9860790000989741, 0.9899072737438103, 0.9935766625306255, 0.9897220441110605, 1.0, 0.9778712352354452, 0.9878622666235695], [0.9910948867237911, 0.9910961625795819, 0.9878787094078577, 0.9775610455830639, 0.9866143954559805, 0.9778712352354452, 1.0, 0.9907031459312727], [0.993302997928492, 0.9926979488028383, 0.9914418730282781, 0.98541775306787, 0.9918083251468133, 0.9878622666235695, 0.9907031459312727, 1.0]], ""names"": [""福音"", ""吉祥"", ""奥美"", ""存在"", ""自孕"", ""弥赛亚"", ""Alice"", ""觉爱""], ""max_off_diagonal"": 0.9953456889114438, ""mean_off_diagonal"": 0.9891553188899381, ""frobenius_distance"": 7.402227151965435, ""axis_independence"": ""poor"", ""degenerate_axes"": [""Alice"", ""吉祥"", ""奥美"", ""存在"", ""弥赛亚"", ""福音"", ""自孕"", ""觉爱""]}"
2026-07-17 04:49,1c04408e,手动输入,0.0,,,,0,0,0,0,0.0,0.0,0.0,0.0,0.0,0.0,N/A,0,0,unavailable,-1.0,0,0.0,1.0,0,0.042923632603333886,0.04458376574967265,0.030347640216260706,0.9875674854272039,-0.7643343706817287,-0.17615759941032025,0.013020251981503224,0.1231704968723316,0.08646424826531282,0.0904071472092071,0.022283191444583756,-0.2466075638594096,1.059083425449757e-06,2.0694252242128852e-08,-3.202658606794816e-06,1.5239032564911208e-06,1.179680511193445e-06,1.1053810956469853e-07,-6.256508585680724e-07,-2.6960157020754678e-06,2.7231029541949507e-10,-5.4408289291730553e-11,-2.4789491531682205e-10,1.410436022477429e-10,1.813631754500439e-10,2.9810596406116296e-11,-2.939098923951977e-11,-2.8620335590375087e-10,modified_gs,"{""available"": true, ""matrix"": [[1.0000000000000002, 0.9953456889114438, 0.9896409880395172, 0.9841276233987386, 0.9894053318085747, 0.9850560654156586, 0.9910948867237911, 0.993302997928492], [0.9953456889114438, 1.0, 0.9924779221289182, 0.9879984983617975, 0.9915245400819723, 0.9860790000989741, 0.9910961625795819, 0.9926979488028383], [0.9896409880395172, 0.9924779221289182, 1.0, 0.9920881716222256, 0.9928800454814197, 0.9899072737438103, 0.9878787094078577, 0.9914418730282781], [0.9841276233987386, 0.9879984983617975, 0.9920881716222256, 1.0, 0.9911683276686752, 0.9935766625306255, 0.9775610455830639, 0.98541775306787], [0.9894053318085747, 0.9915245400819723, 0.9928800454814197, 0.9911683276686752, 1.0, 0.9897220441110605, 0.9866143954559805, 0.9918083251468133], [0.9850560654156586, 0.9860790000989741, 0.9899072737438103, 0.9935766625306255, 0.9897220441110605, 1.0, 0.9778712352354452, 0.9878622666235695], [0.9910948867237911, 0.9910961625795819, 0.9878787094078577, 0.9775610455830639, 0.9866143954559805, 0.9778712352354452, 1.0, 0.9907031459312727], [0.993302997928492, 0.9926979488028383, 0.9914418730282781, 0.98541775306787, 0.9918083251468133, 0.9878622666235695, 0.9907031459312727, 1.0]], ""names"": [""福音"", ""吉祥"", ""奥美"", ""存在"", ""自孕"", ""弥赛亚"", ""Alice"", ""觉爱""], ""max_off_diagonal"": 0.9953456889114438, ""mean_off_diagonal"": 0.9891553188899381, ""frobenius_distance"": 7.402227151965435, ""axis_independence"": ""poor"", ""degenerate_axes"": [""Alice"", ""吉祥"", ""奥美"", ""存在"", ""弥赛亚"", ""福音"", ""自孕"", ""觉爱""]}"
2026-07-17 10:36,d0a9a851,手动输入,0.0,,,,0,0,0,0,0.0,0.0,0.0,0.0,0.0,0.0,N/A,0,0,unavailable,-1.0,0,0.0,1.0,0,0.05074061426149021,0.07214374888492632,0.004440757323339969,0.7332571957275839,-0.7357642816739128,-0.20483835806951825,0.04686928325470527,0.12578177146465014,0.0966425108975305,0.09883802612170028,0.014782123332717188,-0.22623444213424693,1.3722425075800135e-06,-1.377558052795293e-06,1.6257940092796373e-06,1.2542145015939184e-07,4.888694828154503e-07,4.0494135026384155e-07,-3.602818497534374e-07,9.785361059155944e-07,1.501962024605547e-11,-6.706246067325764e-11,2.315804612026117e-10,-6.707346792957933e-11,-3.313242342340502e-11,1.41200595059541e-11,1.2727530398783453e-11,1.7623749678614207e-10,modified_gs,"{""available"": true, ""matrix"": [[1.0000000000000002, 0.9953456889114438, 0.9896409880395172, 0.9841276233987386, 0.9894053318085747, 0.9850560654156586, 0.9910948867237911, 0.993302997928492], [0.9953456889114438, 1.0, 0.9924779221289182, 0.9879984983617975, 0.9915245400819723, 0.9860790000989741, 0.9910961625795819, 0.9926979488028383], [0.9896409880395172, 0.9924779221289182, 1.0, 0.9920881716222256, 0.9928800454814197, 0.9899072737438103, 0.9878787094078577, 0.9914418730282781], [0.9841276233987386, 0.9879984983617975, 0.9920881716222256, 1.0, 0.9911683276686752, 0.9935766625306255, 0.9775610455830639, 0.98541775306787], [0.9894053318085747, 0.9915245400819723, 0.9928800454814197, 0.9911683276686752, 1.0, 0.9897220441110605, 0.9866143954559805, 0.9918083251468133], [0.9850560654156586, 0.9860790000989741, 0.9899072737438103, 0.9935766625306255, 0.9897220441110605, 1.0, 0.9778712352354452, 0.9878622666235695], [0.9910948867237911, 0.9910961625795819, 0.9878787094078577, 0.9775610455830639, 0.9866143954559805, 0.9778712352354452, 1.0, 0.9907031459312727], [0.993302997928492, 0.9926979488028383, 0.9914418730282781, 0.98541775306787, 0.9918083251468133, 0.9878622666235695, 0.9907031459312727, 1.0]], ""names"": [""福音"", ""吉祥"", ""奥美"", ""存在"", ""自孕"", ""弥赛亚"", ""Alice"", ""觉爱""], ""max_off_diagonal"": 0.9953456889114438, ""mean_off_diagonal"": 0.9891553188899381, ""frobenius_distance"": 7.402227151965435, ""axis_independence"": ""poor"", ""degenerate_axes"": [""Alice"", ""吉祥"", ""奥美"", ""存在"", ""弥赛亚"", ""福音"", ""自孕"", ""觉爱""]}"
2026-07-17 16:24,a10deeea,手动输入,0.0,,,,0,0,0,0,0.0,0.0,0.0,0.0,0.0,0.0,N/A,0,0,unavailable,-1.0,0,0.0,1.0,0,0.02468000566641438,-0.008678493409856337,-0.028346261659004612,0.9099997847578533,-0.7282424356841231,-0.2205363063363787,0.023418345459781602,0.11323553658013541,0.10706194665137059,0.1128852155282034,0.029709131871271836,-0.18491173739216255,3.602416661776713e-07,-7.51817445730864e-07,-1.1231292047377235e-06,-6.008733182238854e-07,4.990151223103493e-07,6.727581133382715e-07,7.148950449499352e-07,1.9790567405212827e-06,-4.853721061881737e-11,3.001153990716686e-11,-1.3184284000083265e-10,-3.483428145723153e-11,4.866014146234527e-13,1.284492868462494e-11,5.156723715603706e-11,4.798660118012894e-11,modified_gs,"{""available"": true, ""matrix"": [[1.0000000000000002, 0.9953456889114438, 0.9896409880395172, 0.9841276233987386, 0.9894053318085747, 0.9850560654156586, 0.9910948867237911, 0.993302997928492], [0.9953456889114438, 1.0, 0.9924779221289182, 0.9879984983617975, 0.9915245400819723, 0.9860790000989741, 0.9910961625795819, 0.9926979488028383], [0.9896409880395172, 0.9924779221289182, 1.0, 0.9920881716222256, 0.9928800454814197, 0.9899072737438103, 0.9878787094078577, 0.9914418730282781], [0.9841276233987386, 0.9879984983617975, 0.9920881716222256, 1.0, 0.9911683276686752, 0.9935766625306255, 0.9775610455830639, 0.98541775306787], [0.9894053318085747, 0.9915245400819723, 0.9928800454814197, 0.9911683276686752, 1.0, 0.9897220441110605, 0.9866143954559805, 0.9918083251468133], [0.9850560654156586, 0.9860790000989741, 0.9899072737438103, 0.9935766625306255, 0.9897220441110605, 1.0, 0.9778712352354452, 0.9878622666235695], [0.9910948867237911, 0.9910961625795819, 0.9878787094078577, 0.9775610455830639, 0.9866143954559805, 0.9778712352354452, 1.0, 0.9907031459312727], [0.993302997928492, 0.9926979488028383, 0.9914418730282781, 0.98541775306787, 0.9918083251468133, 0.9878622666235695, 0.9907031459312727, 1.0]], ""names"": [""福音"", ""吉祥"", ""奥美"", ""存在"", ""自孕"", ""弥赛亚"", ""Alice"", ""觉爱""], ""max_off_diagonal"": 0.9953456889114438, ""mean_off_diagonal"": 0.9891553188899381, ""frobenius_distance"": 7.402227151965435, ""axis_independence"": ""poor"", ""degenerate_axes"": [""Alice"", ""吉祥"", ""奥美"", ""存在"", ""弥赛亚"", ""福音"", ""自孕"", ""觉爱""]}"
2026-07-17 22:12,5fb59f8c,手动输入,0.0,,,,0,0,0,0,0.0,0.0,0.0,0.0,0.0,0.0,N/A,0,0,unavailable,-1.0,0,0.0,1.0,0,-0.07234036961257018,-0.04411678656810036,-0.008517895710875432,0.7892769063959538,-0.711582798952915,-0.2073617147072512,0.0026398834986564477,0.10120944562447723,0.11293311230990422,0.14270001501039214,0.04238078884267079,-0.21082168356655057,7.978753223758655e-07,6.309670320463355e-07,-9.951370671036952e-07,-5.759622105200278e-07,2.811860947573577e-07,1.4279118525952466e-06,6.06880123151291e-07,-1.2408978052867825e-06,2.0959466293016964e-11,6.622531023837162e-11,6.129891649139288e-12,1.1930607137862842e-12,-1.043242469123523e-11,3.616636682265206e-11,-5.1731284386323885e-12,-1.542123824620721e-10,modified_gs,"{""available"": true, ""matrix"": [[1.0000000000000002, 0.9953456889114438, 0.9896409880395172, 0.9841276233987386, 0.9894053318085747, 0.9850560654156586, 0.9910948867237911, 0.993302997928492], [0.9953456889114438, 1.0, 0.9924779221289182, 0.9879984983617975, 0.9915245400819723, 0.9860790000989741, 0.9910961625795819, 0.9926979488028383], [0.9896409880395172, 0.9924779221289182, 1.0, 0.9920881716222256, 0.9928800454814197, 0.9899072737438103, 0.9878787094078577, 0.9914418730282781], [0.9841276233987386, 0.9879984983617975, 0.9920881716222256, 1.0, 0.9911683276686752, 0.9935766625306255, 0.9775610455830639, 0.98541775306787], [0.9894053318085747, 0.9915245400819723, 0.9928800454814197, 0.9911683276686752, 1.0, 0.9897220441110605, 0.9866143954559805, 0.9918083251468133], [0.9850560654156586, 0.9860790000989741, 0.9899072737438103, 0.9935766625306255, 0.9897220441110605, 1.0, 0.9778712352354452, 0.9878622666235695], [0.9910948867237911, 0.9910961625795819, 0.9878787094078577, 0.9775610455830639, 0.9866143954559805, 0.9778712352354452, 1.0, 0.9907031459312727], [0.993302997928492, 0.9926979488028383, 0.9914418730282781, 0.98541775306787, 0.9918083251468133, 0.9878622666235695, 0.9907031459312727, 1.0]], ""names"": [""福音"", ""吉祥"", ""奥美"", ""存在"", ""自孕"", ""弥赛亚"", ""Alice"", ""觉爱""], ""max_off_diagonal"": 0.9953456889114438, ""mean_off_diagonal"": 0.9891553188899381, ""frobenius_distance"": 7.402227151965435, ""axis_independence"": ""poor"", ""degenerate_axes"": [""Alice"", ""吉祥"", ""奥美"", ""存在"", ""弥赛亚"", ""福音"", ""自孕"", ""觉爱""]}"
2026-07-18 03:59,756d4b3a,手动输入,0.0,,,,0,0,0,0,0.0,0.0,0.0,0.0,0.0,0.0,N/A,0,0,unavailable,-1.0,0,0.0,1.0,0,0.06082149192648671,0.0037554349387144493,0.007926796160002825,0.49399992384601915,-0.7590386419402825,-0.19540064818091807,0.041666513027992985,0.1202453256392949,0.08490021309299466,0.11386473151345543,0.026991087641260427,-0.2176047681728364,-2.2793392405075646e-06,5.744988725424177e-07,1.8744778832534362e-06,9.143073974456131e-07,-1.3464408845777887e-06,-1.3849799950497944e-06,-7.391787320562134e-07,-3.257965709071e-07,-1.4758822843565611e-10,-2.7083050121783125e-12,1.3763141248715257e-10,7.147576057389166e-11,-7.806364409281278e-11,-1.3491087998297558e-10,-6.455917770779398e-11,4.388974745226295e-11,modified_gs,"{""available"": true, ""matrix"": [[1.0000000000000002, 0.9953456889114438, 0.9896409880395172, 0.9841276233987386, 0.9894053318085747, 0.9850560654156586, 0.9910948867237911, 0.993302997928492], [0.9953456889114438, 1.0, 0.9924779221289182, 0.9879984983617975, 0.9915245400819723, 0.9860790000989741, 0.9910961625795819, 0.9926979488028383], [0.9896409880395172, 0.9924779221289182, 1.0, 0.9920881716222256, 0.9928800454814197, 0.9899072737438103, 0.9878787094078577, 0.9914418730282781], [0.9841276233987386, 0.9879984983617975, 0.9920881716222256, 1.0, 0.9911683276686752, 0.9935766625306255, 0.9775610455830639, 0.98541775306787], [0.9894053318085747, 0.9915245400819723, 0.9928800454814197, 0.9911683276686752, 1.0, 0.9897220441110605, 0.9866143954559805, 0.9918083251468133], [0.9850560654156586, 0.9860790000989741, 0.9899072737438103, 0.9935766625306255, 0.9897220441110605, 1.0, 0.9778712352354452, 0.9878622666235695], [0.9910948867237911, 0.9910961625795819, 0.9878787094078577, 0.9775610455830639, 0.9866143954559805, 0.9778712352354452, 1.0, 0.9907031459312727], [0.993302997928492, 0.9926979488028383, 0.9914418730282781, 0.98541775306787, 0.9918083251468133, 0.9878622666235695, 0.9907031459312727, 1.0]], ""names"": [""福音"", ""吉祥"", ""奥美"", ""存在"", ""自孕"", ""弥赛亚"", ""Alice"", ""觉爱""], ""max_off_diagonal"": 0.9953456889114438, ""mean_off_diagonal"": 0.9891553188899381, ""frobenius_distance"": 7.402227151965435, ""axis_independence"": ""poor"", ""degenerate_axes"": [""Alice"", ""吉祥"", ""奥美"", ""存在"", ""弥赛亚"", ""福音"", ""自孕"", ""觉爱""]}"
2026-07-18 09:47,9989fd48,手动输入,0.0,,,,0,0,0,0,0.0,0.0,0.0,0.0,0.0,0.0,N/A,0,0,unavailable,-1.0,0,0.0,1.0,0,0.0352975828617461,-0.023601372418098173,0.010638243466482655,0.9085528294126087,-0.7385879486071648,-0.1968644402030249,0.004491392911073027,0.10597291336441236,0.08714373303964511,0.1297340543917811,0.008677205256726024,-0.2030089789621466,9.794393358772828e-07,-7.010498190166837e-08,-1.7804176301206877e-06,-6.835446491801979e-07,1.0744827330701398e-07,7.600250420654055e-07,-8.771016467688889e-07,6.990320503203925e-07,1.5629633459879362e-10,-3.091625201170677e-11,-1.7529474884288365e-10,-7.663558976622596e-11,6.973089486258047e-11,1.0287793942998561e-10,-6.615007899888514e-12,4.9152451857433696e-11,modified_gs,"{""available"": true, ""matrix"": [[1.0000000000000002, 0.9953456889114438, 0.9896409880395172, 0.9841276233987386, 0.9894053318085747, 0.9850560654156586, 0.9910948867237911, 0.993302997928492], [0.9953456889114438, 1.0, 0.9924779221289182, 0.9879984983617975, 0.9915245400819723, 0.9860790000989741, 0.9910961625795819, 0.9926979488028383], [0.9896409880395172, 0.9924779221289182, 1.0, 0.9920881716222256, 0.9928800454814197, 0.9899072737438103, 0.9878787094078577, 0.9914418730282781], [0.9841276233987386, 0.9879984983617975, 0.9920881716222256, 1.0, 0.9911683276686752, 0.9935766625306255, 0.9775610455830639, 0.98541775306787], [0.9894053318085747, 0.9915245400819723, 0.9928800454814197, 0.9911683276686752, 1.0, 0.9897220441110605, 0.9866143954559805, 0.9918083251468133], [0.9850560654156586, 0.9860790000989741, 0.9899072737438103, 0.9935766625306255, 0.9897220441110605, 1.0, 0.9778712352354452, 0.9878622666235695], [0.9910948867237911, 0.9910961625795819, 0.9878787094078577, 0.9775610455830639, 0.9866143954559805, 0.9778712352354452, 1.0, 0.9907031459312727], [0.993302997928492, 0.9926979488028383, 0.9914418730282781, 0.98541775306787, 0.9918083251468133, 0.9878622666235695, 0.9907031459312727, 1.0]], ""names"": [""福音"", ""吉祥"", ""奥美"", ""存在"", ""自孕"", ""弥赛亚"", ""Alice"", ""觉爱""], ""max_off_diagonal"": 0.9953456889114438, ""mean_off_diagonal"": 0.9891553188899381, ""frobenius_distance"": 7.402227151965435, ""axis_independence"": ""poor"", ""degenerate_axes"": [""Alice"", ""吉祥"", ""奥美"", ""存在"", ""弥赛亚"", ""福音"", ""自孕"", ""觉爱""]}"
2026-07-18 15:34,dd38d0b5,手动输入,0.0,,,,0,0,0,0,0.0,0.0,0.0,0.0,0.0,0.0,N/A,0,0,unavailable,-1.0,0,0.0,1.0,0,-0.15893952532449665,0.03244783024827638,0.0028247493108474594,0.47742606904476437,-0.6610162840232732,-0.21748622959189856,0.01113886640962207,0.1408965475121735,0.11897979108592693,0.11874119723999635,0.024823528632695126,-0.2483044875895426,3.7258244276605016e-06,-9.904797977364869e-07,3.1928306909457456e-07,1.6774079801998629e-06,1.5291094162479263e-06,-5.279950601241472e-07,7.755198547535591e-07,-2.1755767832562924e-06,1.3172110751957886e-10,-4.414267701845652e-11,1.007050695067272e-10,1.132351380997631e-10,6.818518671179436e-11,-6.177554446952291e-11,7.926242213536921e-11,-1.37870927269865e-10,modified_gs,"{""available"": true, ""matrix"": [[1.0000000000000002, 0.9953456889114438, 0.9896409880395172, 0.9841276233987386, 0.9894053318085747, 0.9850560654156586, 0.9910948867237911, 0.993302997928492], [0.9953456889114438, 1.0, 0.9924779221289182, 0.9879984983617975, 0.9915245400819723, 0.9860790000989741, 0.9910961625795819, 0.9926979488028383], [0.9896409880395172, 0.9924779221289182, 1.0, 0.9920881716222256, 0.9928800454814197, 0.9899072737438103, 0.9878787094078577, 0.9914418730282781], [0.9841276233987386, 0.9879984983617975, 0.9920881716222256, 1.0, 0.9911683276686752, 0.9935766625306255, 0.9775610455830639, 0.98541775306787], [0.9894053318085747, 0.9915245400819723, 0.9928800454814197, 0.9911683276686752, 1.0, 0.9897220441110605, 0.9866143954559805, 0.9918083251468133], [0.9850560654156586, 0.9860790000989741, 0.9899072737438103, 0.9935766625306255, 0.9897220441110605, 1.0, 0.9778712352354452, 0.9878622666235695], [0.9910948867237911, 0.9910961625795819, 0.9878787094078577, 0.9775610455830639, 0.9866143954559805, 0.9778712352354452, 1.0, 0.9907031459312727], [0.993302997928492, 0.9926979488028383, 0.9914418730282781, 0.98541775306787, 0.9918083251468133, 0.9878622666235695, 0.9907031459312727, 1.0]], ""names"": [""福音"", ""吉祥"", ""奥美"", ""存在"", ""自孕"", ""弥赛亚"", ""Alice"", ""觉爱""], ""max_off_diagonal"": 0.9953456889114438, ""mean_off_diagonal"": 0.9891553188899381, ""frobenius_distance"": 7.402227151965435, ""axis_independence"": ""poor"", ""degenerate_axes"": [""Alice"", ""吉祥"", ""奥美"", ""存在"", ""弥赛亚"", ""福音"", ""自孕"", ""觉爱""]}"
2026-07-18 21:22,ed4b9383,手动输入,0.0,,,,0,0,0,0,0.0,0.0,0.0,0.0,0.0,0.0,N/A,0,0,unavailable,-1.0,0,0.0,1.0,0,-0.12021089349619515,-0.001452710090999624,-0.007605460441435317,0.25912506565287374,-0.6693533564969651,-0.22603770940596601,0.010419639339474781,0.1217882803398509,0.12131759964487485,0.11761443455462782,0.018688903248155468,-0.22390858288776483,-3.9928508015766165e-07,-4.0955363094192785e-07,-3.444574090743718e-08,-9.151468952261788e-07,1.1196401144386554e-07,-5.396373014217094e-08,-2.9380389772699514e-07,1.1683862405065983e-06,-1.9784697879223804e-10,2.7862166273120338e-11,-1.696541055165524e-11,-1.2434315949285572e-10,-6.796860454695735e-11,2.273531558666553e-11,-5.128651091033833e-11,1.603819196049348e-10,modified_gs,"{""available"": true, ""matrix"": [[1.0000000000000002, 0.9953456889114438, 0.9896409880395172, 0.9841276233987386, 0.9894053318085747, 0.9850560654156586, 0.9910948867237911, 0.993302997928492], [0.9953456889114438, 1.0, 0.9924779221289182, 0.9879984983617975, 0.9915245400819723, 0.9860790000989741, 0.9910961625795819, 0.9926979488028383], [0.9896409880395172, 0.9924779221289182, 1.0, 0.9920881716222256, 0.9928800454814197, 0.9899072737438103, 0.9878787094078577, 0.9914418730282781], [0.9841276233987386, 0.9879984983617975, 0.9920881716222256, 1.0, 0.9911683276686752, 0.9935766625306255, 0.9775610455830639, 0.98541775306787], [0.9894053318085747, 0.9915245400819723, 0.9928800454814197, 0.9911683276686752, 1.0, 0.9897220441110605, 0.9866143954559805, 0.9918083251468133], [0.9850560654156586, 0.9860790000989741, 0.9899072737438103, 0.9935766625306255, 0.9897220441110605, 1.0, 0.9778712352354452, 0.9878622666235695], [0.9910948867237911, 0.9910961625795819, 0.9878787094078577, 0.9775610455830639, 0.9866143954559805, 0.9778712352354452, 1.0, 0.9907031459312727], [0.993302997928492, 0.9926979488028383, 0.9914418730282781, 0.98541775306787, 0.9918083251468133, 0.9878622666235695, 0.9907031459312727, 1.0]], ""names"": [""福音"", ""吉祥"", ""奥美"", ""存在"", ""自孕"", ""弥赛亚"", ""Alice"", ""觉爱""], ""max_off_diagonal"": 0.9953456889114438, ""mean_off_diagonal"": 0.9891553188899381, ""frobenius_distance"": 7.402227151965435, ""axis_independence"": ""poor"", ""degenerate_axes"": [""Alice"", ""吉祥"", ""奥美"", ""存在"", ""弥赛亚"", ""福音"", ""自孕"", ""觉爱""]}"
2026-07-19 03:10,7fac3bd7,手动输入,0.0,,,,0,0,0,0,0.0,0.0,0.0,0.0,0.0,0.0,N/A,0,0,unavailable,-1.0,0,0.0,1.0,0,-0.16683936818282818,0.06207117362567455,-0.001817693212231999,0.5696368344426906,-0.655641513688158,-0.21278364647815157,0.028794920950859806,0.1384632454822795,0.12618047012238764,0.10270316485448931,0.024343929689486156,-0.24898677201385402,6.56697452529076e-07,6.347731287267456e-07,8.80042222767482e-07,7.98609441687194e-07,2.3289609566632177e-07,-7.141412691637216e-07,2.708345996805885e-07,-1.2010626976096358e-06,5.057387608652959e-11,5.001564940941922e-11,4.37973162679559e-11,8.207645291730713e-11,5.79176648574982e-12,-3.161769822900147e-11,2.70420736306314e-11,-1.13479355273766e-10,modified_gs,"{""available"": true, ""matrix"": [[1.0000000000000002, 0.9953456889114438, 0.9896409880395172, 0.9841276233987386, 0.9894053318085747, 0.9850560654156586, 0.9910948867237911, 0.993302997928492], [0.9953456889114438, 1.0, 0.9924779221289182, 0.9879984983617975, 0.9915245400819723, 0.9860790000989741, 0.9910961625795819, 0.9926979488028383], [0.9896409880395172, 0.9924779221289182, 1.0, 0.9920881716222256, 0.9928800454814197, 0.9899072737438103, 0.9878787094078577, 0.9914418730282781], [0.9841276233987386, 0.9879984983617975, 0.9920881716222256, 1.0, 0.9911683276686752, 0.9935766625306255, 0.9775610455830639, 0.98541775306787], [0.9894053318085747, 0.9915245400819723, 0.9928800454814197, 0.9911683276686752, 1.0, 0.9897220441110605, 0.9866143954559805, 0.9918083251468133], [0.9850560654156586, 0.9860790000989741, 0.9899072737438103, 0.9935766625306255, 0.9897220441110605, 1.0, 0.9778712352354452, 0.9878622666235695], [0.9910948867237911, 0.9910961625795819, 0.9878787094078577, 0.9775610455830639, 0.9866143954559805, 0.9778712352354452, 1.0, 0.9907031459312727], [0.993302997928492, 0.9926979488028383, 0.9914418730282781, 0.98541775306787, 0.9918083251468133, 0.9878622666235695, 0.9907031459312727, 1.0]], ""names"": [""福音"", ""吉祥"", ""奥美"", ""存在"", ""自孕"", ""弥赛亚"", ""Alice"", ""觉爱""], ""max_off_diagonal"": 0.9953456889114438, ""mean_off_diagonal"": 0.9891553188899381, ""frobenius_distance"": 7.402227151965435, ""axis_independence"": ""poor"", ""degenerate_axes"": [""Alice"", ""吉祥"", ""奥美"", ""存在"", ""弥赛亚"", ""福音"", ""自孕"", ""觉爱""]}"
2026-07-15 08:00,56655cad,新华社,0.0,,,,0,0,0,0,0.0,0.0,0.0,0.0,0.0,0.0,N/A,0,0,unavailable,-1.0,0,0.0,1.0,0,0.025339510278209215,-0.08111748145378708,0.014235673268567131,0.7708666599316085,-0.7765647645877656,-0.17860827419708478,-0.04384755086324449,0.10640043235836667,0.06783506275143802,0.1536195800240612,-0.0036980117314593898,-0.20439346166454828,-0.12092325089960754,0.03417537228106679,-0.0726424718141043,-0.032062813123912834,-0.05834540737094962,0.05091641516957189,-0.028041941420945547,0.04459331034930575,-0.13463509370841464,0.020921309353252343,-0.09101775342548932,-0.048737778266341444,-0.06320827784846242,0.0658276848697104,-0.03369696786227623,0.06967149947539494,modified_gs,"{""available"": true, ""matrix"": [[1.0000000000000002, 0.9953456889114438, 0.9896409880395172, 0.9841276233987386, 0.9894053318085747, 0.9850560654156586, 0.9910948867237911, 0.993302997928492], [0.9953456889114438, 1.0, 0.9924779221289182, 0.9879984983617975, 0.9915245400819723, 0.9860790000989741, 0.9910961625795819, 0.9926979488028383], [0.9896409880395172, 0.9924779221289182, 1.0, 0.9920881716222256, 0.9928800454814197, 0.9899072737438103, 0.9878787094078577, 0.9914418730282781], [0.9841276233987386, 0.9879984983617975, 0.9920881716222256, 1.0, 0.9911683276686752, 0.9935766625306255, 0.9775610455830639, 0.98541775306787], [0.9894053318085747, 0.9915245400819723, 0.9928800454814197, 0.9911683276686752, 1.0, 0.9897220441110605, 0.9866143954559805, 0.9918083251468133], [0.9850560654156586, 0.9860790000989741, 0.9899072737438103, 0.9935766625306255, 0.9897220441110605, 1.0, 0.9778712352354452, 0.9878622666235695], [0.9910948867237911, 0.9910961625795819, 0.9878787094078577, 0.9775610455830639, 0.9866143954559805, 0.9778712352354452, 1.0, 0.9907031459312727], [0.993302997928492, 0.9926979488028383, 0.9914418730282781, 0.98541775306787, 0.9918083251468133, 0.9878622666235695, 0.9907031459312727, 1.0]], ""names"": [""福音"", ""吉祥"", ""奥美"", ""存在"", ""自孕"", ""弥赛亚"", ""Alice"", ""觉爱""], ""max_off_diagonal"": 0.9953456889114438, ""mean_off_diagonal"": 0.9891553188899381, ""frobenius_distance"": 7.402227151965435, ""axis_independence"": ""poor"", ""degenerate_axes"": [""Alice"", ""吉祥"", ""奥美"", ""存在"", ""弥赛亚"", ""福音"", ""自孕"", ""觉爱""]}"
2026-07-15 20:00,df383097,人民日报,0.0,,,,0,0,0,0,0.0,0.0,0.0,0.0,0.0,0.0,N/A,0,0,unavailable,-1.0,0,0.0,1.0,0,-0.014439143121157105,-0.052841812817049,0.029801978515317445,0.8893328539517696,-0.7712567001336348,-0.19652962929443535,-0.04609444177456138,0.11014287346121769,0.0705787203512056,0.12991193093548026,-0.007062324353165803,-0.2140781903037301,1.2287186236413866e-07,-4.1484618280904104e-07,-5.2011363687891e-08,8.663058108451432e-08,6.351059258721248e-08,-5.487881733467811e-07,-7.787760698394475e-08,-2.2418353331439403e-07,5.598174753893192e-06,-1.582175742563811e-06,3.3629971437115163e-06,1.4843591469870568e-06,2.701116681629694e-06,-2.357212284796428e-06,1.2982043722755753e-06,-2.064467699027294e-06,modified_gs,"{""available"": true, ""matrix"": [[1.0000000000000002, 0.9953456889114438, 0.9896409880395172, 0.9841276233987386, 0.9894053318085747, 0.9850560654156586, 0.9910948867237911, 0.993302997928492], [0.9953456889114438, 1.0, 0.9924779221289182, 0.9879984983617975, 0.9915245400819723, 0.9860790000989741, 0.9910961625795819, 0.9926979488028383], [0.9896409880395172, 0.9924779221289182, 1.0, 0.9920881716222256, 0.9928800454814197, 0.9899072737438103, 0.9878787094078577, 0.9914418730282781], [0.9841276233987386, 0.9879984983617975, 0.9920881716222256, 1.0, 0.9911683276686752, 0.9935766625306255, 0.9775610455830639, 0.98541775306787], [0.9894053318085747, 0.9915245400819723, 0.9928800454814197, 0.9911683276686752, 1.0, 0.9897220441110605, 0.9866143954559805, 0.9918083251468133], [0.9850560654156586, 0.9860790000989741, 0.9899072737438103, 0.9935766625306255, 0.9897220441110605, 1.0, 0.9778712352354452, 0.9878622666235695], [0.9910948867237911, 0.9910961625795819, 0.9878787094078577, 0.9775610455830639, 0.9866143954559805, 0.9778712352354452, 1.0, 0.9907031459312727], [0.993302997928492, 0.9926979488028383, 0.9914418730282781, 0.98541775306787, 0.9918083251468133, 0.9878622666235695, 0.9907031459312727, 1.0]], ""names"": [""福音"", ""吉祥"", ""奥美"", ""存在"", ""自孕"", ""弥赛亚"", ""Alice"", ""觉爱""], ""max_off_diagonal"": 0.9953456889114438, ""mean_off_diagonal"": 0.9891553188899381, ""frobenius_distance"": 7.402227151965435, ""axis_independence"": ""poor"", ""degenerate_axes"": [""Alice"", ""吉祥"", ""奥美"", ""存在"", ""弥赛亚"", ""福音"", ""自孕"", ""觉爱""]}"
2026-07-16 08:00,e06ae53f,环球时报,0.0,,,,0,0,0,0,0.0,0.0,0.0,0.0,0.0,0.0,N/A,0,0,unavailable,-1.0,0,0.0,1.0,0,-0.054639925095703645,-0.03718763389033737,0.031126728997017655,0.9738452148509527,-0.7476263085193217,-0.2098030334882371,-0.030404924861135,0.11426944441506247,0.08825531297115823,0.13427028483829653,0.0070775181311083235,-0.22082276454260752,5.46999805886878e-07,-3.0725472670837365e-07,3.6318326188486993e-07,9.552247578344391e-08,4.091803847211255e-07,1.0088782182445082e-07,3.2731116861745667e-07,-1.5612440367771808e-07,9.81777647043378e-12,2.4905429652932267e-12,9.610986703073169e-12,2.0583089580855536e-13,8.001615558655394e-12,1.5038796184519257e-11,9.379369805587997e-12,1.575442815663795e-12,modified_gs,"{""available"": true, ""matrix"": [[1.0000000000000002, 0.9953456889114438, 0.9896409880395172, 0.9841276233987386, 0.9894053318085747, 0.9850560654156586, 0.9910948867237911, 0.993302997928492], [0.9953456889114438, 1.0, 0.9924779221289182, 0.9879984983617975, 0.9915245400819723, 0.9860790000989741, 0.9910961625795819, 0.9926979488028383], [0.9896409880395172, 0.9924779221289182, 1.0, 0.9920881716222256, 0.9928800454814197, 0.9899072737438103, 0.9878787094078577, 0.9914418730282781], [0.9841276233987386, 0.9879984983617975, 0.9920881716222256, 1.0, 0.9911683276686752, 0.9935766625306255, 0.9775610455830639, 0.98541775306787], [0.9894053318085747, 0.9915245400819723, 0.9928800454814197, 0.9911683276686752, 1.0, 0.9897220441110605, 0.9866143954559805, 0.9918083251468133], [0.9850560654156586, 0.9860790000989741, 0.9899072737438103, 0.9935766625306255, 0.9897220441110605, 1.0, 0.9778712352354452, 0.9878622666235695], [0.9910948867237911, 0.9910961625795819, 0.9878787094078577, 0.9775610455830639, 0.9866143954559805, 0.9778712352354452, 1.0, 0.9907031459312727], [0.993302997928492, 0.9926979488028383, 0.9914418730282781, 0.98541775306787, 0.9918083251468133, 0.9878622666235695, 0.9907031459312727, 1.0]], ""names"": [""福音"", ""吉祥"", ""奥美"", ""存在"", ""自孕"", ""弥赛亚"", ""Alice"", ""觉爱""], ""max_off_diagonal"": 0.9953456889114438, ""mean_off_diagonal"": 0.9891553188899381, ""frobenius_distance"": 7.402227151965435, ""axis_independence"": ""poor"", ""degenerate_axes"": [""Alice"", ""吉祥"", ""奥美"", ""存在"", ""弥赛亚"", ""福音"", ""自孕"", ""觉爱""]}"
2026-07-16 20:00,9c0c7ed7,经济日报,0.0,,,,0,0,0,0,0.0,0.0,0.0,0.0,0.0,0.0,N/A,0,0,unavailable,-1.0,0,0.0,1.0,0,-0.04193889737943277,-0.03648244755667938,0.01776515887697094,0.9480958483499371,-0.7535385333137337,-0.2011351727576603,-0.030744033010160564,0.12095641576686667,0.08366908495022862,0.13137835451342106,-0.00940908421310295,-0.22927129026124354,-1.3685705542620375e-07,2.0064492431890724e-07,-7.849725671888053e-09,1.5479100351398603e-07,-1.0616268566966674e-07,-6.694283159433969e-08,-3.816343135234091e-07,-1.9556772496842648e-07,-1.5830019937802817e-11,1.1756936366372243e-11,-8.588726563813841e-12,1.3719566604292158e-12,-1.1929237740527598e-11,-3.884968829138669e-12,-1.6410775049557078e-11,-9.13039844692324e-13,modified_gs,"{""available"": true, ""matrix"": [[1.0000000000000002, 0.9953456889114438, 0.9896409880395172, 0.9841276233987386, 0.9894053318085747, 0.9850560654156586, 0.9910948867237911, 0.993302997928492], [0.9953456889114438, 1.0, 0.9924779221289182, 0.9879984983617975, 0.9915245400819723, 0.9860790000989741, 0.9910961625795819, 0.9926979488028383], [0.9896409880395172, 0.9924779221289182, 1.0, 0.9920881716222256, 0.9928800454814197, 0.9899072737438103, 0.9878787094078577, 0.9914418730282781], [0.9841276233987386, 0.9879984983617975, 0.9920881716222256, 1.0, 0.9911683276686752, 0.9935766625306255, 0.9775610455830639, 0.98541775306787], [0.9894053318085747, 0.9915245400819723, 0.9928800454814197, 0.9911683276686752, 1.0, 0.9897220441110605, 0.9866143954559805, 0.9918083251468133], [0.9850560654156586, 0.9860790000989741, 0.9899072737438103, 0.9935766625306255, 0.9897220441110605, 1.0, 0.9778712352354452, 0.9878622666235695], [0.9910948867237911, 0.9910961625795819, 0.9878787094078577, 0.9775610455830639, 0.9866143954559805, 0.9778712352354452, 1.0, 0.9907031459312727], [0.993302997928492, 0.9926979488028383, 0.9914418730282781, 0.98541775306787, 0.9918083251468133, 0.9878622666235695, 0.9907031459312727, 1.0]], ""names"": [""福音"", ""吉祥"", ""奥美"", ""存在"", ""自孕"", ""弥赛亚"", ""Alice"", ""觉爱""], ""max_off_diagonal"": 0.9953456889114438, ""mean_off_diagonal"": 0.9891553188899381, ""frobenius_distance"": 7.402227151965435, ""axis_independence"": ""poor"", ""degenerate_axes"": [""Alice"", ""吉祥"", ""奥美"", ""存在"", ""弥赛亚"", ""福音"", ""自孕"", ""觉爱""]}"
2026-07-17 08:00,f32e79b1,光明日报,0.0,,,,0,0,0,0,0.0,0.0,0.0,0.0,0.0,0.0,N/A,0,0,unavailable,-1.0,0,0.0,1.0,0,-0.030361497768317567,-0.03828092032512774,0.030193197347950944,0.9941718797469995,-0.7581456363256719,-0.19850550546822388,-0.04049092216110346,0.11462378076857391,0.09347249559666745,0.13837013999182907,0.0039148908550909545,-0.21729129666238806,-1.0664590305412568e-07,6.087192799621347e-08,-2.2562243404960415e-07,-1.4658877310862865e-07,2.2693080200089887e-07,1.6184688607425945e-07,3.084253488007848e-07,2.7731466664017334e-07,6.993322308351405e-13,-3.235486025988282e-12,-5.0410349161508355e-12,-6.9763837181160805e-12,7.710497399781611e-12,5.296058279365721e-12,1.597360329454153e-11,1.0946351657606477e-11,modified_gs,"{""available"": true, ""matrix"": [[1.0000000000000002, 0.9953456889114438, 0.9896409880395172, 0.9841276233987386, 0.9894053318085747, 0.9850560654156586, 0.9910948867237911, 0.993302997928492], [0.9953456889114438, 1.0, 0.9924779221289182, 0.9879984983617975, 0.9915245400819723, 0.9860790000989741, 0.9910961625795819, 0.9926979488028383], [0.9896409880395172, 0.9924779221289182, 1.0, 0.9920881716222256, 0.9928800454814197, 0.9899072737438103, 0.9878787094078577, 0.9914418730282781], [0.9841276233987386, 0.9879984983617975, 0.9920881716222256, 1.0, 0.9911683276686752, 0.9935766625306255, 0.9775610455830639, 0.98541775306787], [0.9894053318085747, 0.9915245400819723, 0.9928800454814197, 0.9911683276686752, 1.0, 0.9897220441110605, 0.9866143954559805, 0.9918083251468133], [0.9850560654156586, 0.9860790000989741, 0.9899072737438103, 0.9935766625306255, 0.9897220441110605, 1.0, 0.9778712352354452, 0.9878622666235695], [0.9910948867237911, 0.9910961625795819, 0.9878787094078577, 0.9775610455830639, 0.9866143954559805, 0.9778712352354452, 1.0, 0.9907031459312727], [0.993302997928492, 0.9926979488028383, 0.9914418730282781, 0.98541775306787, 0.9918083251468133, 0.9878622666235695, 0.9907031459312727, 1.0]], ""names"": [""福音"", ""吉祥"", ""奥美"", ""存在"", ""自孕"", ""弥赛亚"", ""Alice"", ""觉爱""], ""max_off_diagonal"": 0.9953456889114438, ""mean_off_diagonal"": 0.9891553188899381, ""frobenius_distance"": 7.402227151965435, ""axis_independence"": ""poor"", ""degenerate_axes"": [""Alice"", ""吉祥"", ""奥美"", ""存在"", ""弥赛亚"", ""福音"", ""自孕"", ""觉爱""]}"
2026-07-17 20:00,36874dc4,中国青年报,0.0,,,,0,0,0,0,0.0,0.0,0.0,0.0,0.0,0.0,N/A,0,0,unavailable,-1.0,0,0.0,1.0,0,-0.05874038704134961,-0.043355372019860214,0.02734734339662324,0.9588009218409472,-0.7514925396332371,-0.19873079273752528,-0.030692937035873884,0.11698998447711913,0.08258578744833187,0.11988626365988618,0.014410016887688346,-0.21929514670284952,1.5400686788043392e-07,-5.214983085680676e-09,2.2680521123216617e-07,5.477323399410231e-08,-2.5200713306332383e-07,-4.278675076838631e-07,2.429427322360507e-07,-4.6385417603274744e-08,6.033628956818509e-12,-1.5297896083771792e-12,1.0472862159300239e-11,4.661157571822476e-12,-1.1086526274634785e-11,-1.3650796151808391e-11,-1.5158013093688451e-12,-7.493057505635372e-12,modified_gs,"{""available"": true, ""matrix"": [[1.0000000000000002, 0.9953456889114438, 0.9896409880395172, 0.9841276233987386, 0.9894053318085747, 0.9850560654156586, 0.9910948867237911, 0.993302997928492], [0.9953456889114438, 1.0, 0.9924779221289182, 0.9879984983617975, 0.9915245400819723, 0.9860790000989741, 0.9910961625795819, 0.9926979488028383], [0.9896409880395172, 0.9924779221289182, 1.0, 0.9920881716222256, 0.9928800454814197, 0.9899072737438103, 0.9878787094078577, 0.9914418730282781], [0.9841276233987386, 0.9879984983617975, 0.9920881716222256, 1.0, 0.9911683276686752, 0.9935766625306255, 0.9775610455830639, 0.98541775306787], [0.9894053318085747, 0.9915245400819723, 0.9928800454814197, 0.9911683276686752, 1.0, 0.9897220441110605, 0.9866143954559805, 0.9918083251468133], [0.9850560654156586, 0.9860790000989741, 0.9899072737438103, 0.9935766625306255, 0.9897220441110605, 1.0, 0.9778712352354452, 0.9878622666235695], [0.9910948867237911, 0.9910961625795819, 0.9878787094078577, 0.9775610455830639, 0.9866143954559805, 0.9778712352354452, 1.0, 0.9907031459312727], [0.993302997928492, 0.9926979488028383, 0.9914418730282781, 0.98541775306787, 0.9918083251468133, 0.9878622666235695, 0.9907031459312727, 1.0]], ""names"": [""福音"", ""吉祥"", ""奥美"", ""存在"", ""自孕"", ""弥赛亚"", ""Alice"", ""觉爱""], ""max_off_diagonal"": 0.9953456889114438, ""mean_off_diagonal"": 0.9891553188899381, ""frobenius_distance"": 7.402227151965435, ""axis_independence"": ""poor"", ""degenerate_axes"": [""Alice"", ""吉祥"", ""奥美"", ""存在"", ""弥赛亚"", ""福音"", ""自孕"", ""觉爱""]}"
2026-07-21T02:04,602fa6ce,手动输入,-0.5041412230894077,-0.5562647616752012,-0.45201768450361407,0.10424707717158715,0,1,12,12,0.3889,8.0,0.9231,1479164.02,0.0,0.0,N/A,0,0,unavailable,-1.0,0,0.0,1.0,1541,0.13668272701869755,-0.11875718545218333,0.012652411707349355,0.7721159632156377,-0.7922811133085026,-0.16915709247636368,-0.06681720499576214,0.04593360576169202,0.023671903005814128,0.14871838389043515,-0.02181833019774957,-0.17410990974822466,-1.451344067579898e-07,1.0522950562610874e-07,-1.2853781653817342e-07,-2.5283368458378563e-07,-2.0962811145216957e-07,1.0259080639961917e-07,-1.2890815216850953e-07,1.6077866835548273e-07,-1.8451842748484067e-12,6.812514724388689e-13,-2.1918518860741402e-12,-1.8974026559208484e-12,2.6140526530443044e-13,3.2720103261996196e-12,-2.293676809798669e-12,1.2778441028790862e-12,modified_gs,"{""available"": true, ""matrix"": [[1.0000000000000002, 0.9953456889114438, 0.9896409880395172, 0.9841276233987386, 0.9894053318085747, 0.9850560654156586, 0.9910948867237911, 0.993302997928492], [0.9953456889114438, 1.0, 0.9924779221289182, 0.9879984983617975, 0.9915245400819723, 0.9860790000989741, 0.9910961625795819, 0.9926979488028383], [0.9896409880395172, 0.9924779221289182, 1.0, 0.9920881716222256, 0.9928800454814197, 0.9899072737438103, 0.9878787094078577, 0.9914418730282781], [0.9841276233987386, 0.9879984983617975, 0.9920881716222256, 1.0, 0.9911683276686752, 0.9935766625306255, 0.9775610455830639, 0.98541775306787], [0.9894053318085747, 0.9915245400819723, 0.9928800454814197, 0.9911683276686752, 1.0, 0.9897220441110605, 0.9866143954559805, 0.9918083251468133], [0.9850560654156586, 0.9860790000989741, 0.9899072737438103, 0.9935766625306255, 0.9897220441110605, 1.0, 0.9778712352354452, 0.9878622666235695], [0.9910948867237911, 0.9910961625795819, 0.9878787094078577, 0.9775610455830639, 0.9866143954559805, 0.9778712352354452, 1.0, 0.9907031459312727], [0.993302997928492, 0.9926979488028383, 0.9914418730282781, 0.98541775306787, 0.9918083251468133, 0.9878622666235695, 0.9907031459312727, 1.0]], ""names"": [""福音"", ""吉祥"", ""奥美"", ""存在"", ""自孕"", ""弥赛亚"", ""Alice"", ""觉爱""], ""max_off_diagonal"": 0.9953456889114438, ""mean_off_diagonal"": 0.9891553188899381, ""frobenius_distance"": 7.402227151965435, ""axis_independence"": ""poor"", ""degenerate_axes"": [""Alice"", ""吉祥"", ""奥美"", ""存在"", ""弥赛亚"", ""福音"", ""自孕"", ""觉爱""]}"
2026-07-21T03:02,d8ee6417,手动输入,0.0,,,,0,0,0,0,0.0,0.0,0.0,0.0,0.0,0.0,N/A,0,0,unavailable,-1.0,0,0.0,1.0,0,-0.12304818026767889,0.014843415843941858,0.006947644642318347,0.47120187313104167,-0.6940757405662676,-0.2097789596721491,0.003467975542094492,0.13031659308677862,0.10036023443191391,0.11929893282194037,0.0228046346277502,-0.2202323998047287,2.8219934696044527e-05,-1.1672950343616501e-05,2.0196890959154206e-05,2.4247984863530634e-05,2.20368768465804e-05,-8.453865249567465e-06,1.2822691041810279e-05,-1.3253589096696563e-05,1.9938892944469645e-10,-8.279333508535506e-11,1.428752198488147e-10,1.722256329826685e-10,1.5637919976122993e-10,-6.01466052015119e-11,9.104174886812027e-11,-9.429472631134573e-11,modified_gs,"{""available"": true, ""matrix"": [[1.0000000000000002, 0.9953456889114438, 0.9896409880395172, 0.9841276233987386, 0.9894053318085747, 0.9850560654156586, 0.9910948867237911, 0.993302997928492], [0.9953456889114438, 1.0, 0.9924779221289182, 0.9879984983617975, 0.9915245400819723, 0.9860790000989741, 0.9910961625795819, 0.9926979488028383], [0.9896409880395172, 0.9924779221289182, 1.0, 0.9920881716222256, 0.9928800454814197, 0.9899072737438103, 0.9878787094078577, 0.9914418730282781], [0.9841276233987386, 0.9879984983617975, 0.9920881716222256, 1.0, 0.9911683276686752, 0.9935766625306255, 0.9775610455830639, 0.98541775306787], [0.9894053318085747, 0.9915245400819723, 0.9928800454814197, 0.9911683276686752, 1.0, 0.9897220441110605, 0.9866143954559805, 0.9918083251468133], [0.9850560654156586, 0.9860790000989741, 0.9899072737438103, 0.9935766625306255, 0.9897220441110605, 1.0, 0.9778712352354452, 0.9878622666235695], [0.9910948867237911, 0.9910961625795819, 0.9878787094078577, 0.9775610455830639, 0.9866143954559805, 0.9778712352354452, 1.0, 0.9907031459312727], [0.993302997928492, 0.9926979488028383, 0.9914418730282781, 0.98541775306787, 0.9918083251468133, 0.9878622666235695, 0.9907031459312727, 1.0]], ""names"": [""福音"", ""吉祥"", ""奥美"", ""存在"", ""自孕"", ""弥赛亚"", ""Alice"", ""觉爱""], ""max_off_diagonal"": 0.9953456889114438, ""mean_off_diagonal"": 0.9891553188899381, ""frobenius_distance"": 7.402227151965435, ""axis_independence"": ""poor"", ""degenerate_axes"": [""Alice"", ""吉祥"", ""奥美"", ""存在"", ""弥赛亚"", ""福音"", ""自孕"", ""觉爱""]}"
